pid,label,object_type,note,word_tag,item,link,notes,rights,selection,caption,order,layout,collection,thumbnail,full,manifest
pci_1,Notre Dame,contextual images,Dedication,NOTRE DAME DE PARIS,Notre Dame,https://gallica.bnf.fr/ark:/12148/btv1b6917870q,"1912 Notre-Dame [vue de la foule sur le parvis, drapeaux sur la façade]",Gallica public domain,Which Notre Dame façade?,"Cathédrale Notre-Dame de Paris, located on the Île de la Cité in the Seine between Paris's right and left banks, is one of the city's oldest and most recognizable landmarks. This photo was taken in May 1912.",000,paris-project-exhibition,paris-project-exhibition,"/img/derivatives/iiif/images/pci_1/full/250,/0/default.jpg","/img/derivatives/iiif/images/pci_1/full/1140,/0/default.jpg",/img/derivatives/iiif/pci_1/manifest.json
pci_2,Nord-Sud,contextual images,2,NORD-SUD,Nord-Sud,https://gallica.bnf.fr/ark:/12148/btv1b53004338j,février 1918 Métro refuge en cas de raid aérien,Gallica public domain,,"The Nord-Sud line connecting Montmartre and Montparnasse opened to the public in November 1910. During the war years, the Nord-Sud station pictured in this image (February 1918) served as a refuge (""abri"") from potential German air raids.",001,paris-project-exhibition,paris-project-exhibition,"/img/derivatives/iiif/images/pci_2/full/250,/0/default.jpg","/img/derivatives/iiif/images/pci_2/full/1140,/0/default.jpg",/img/derivatives/iiif/pci_2/manifest.json
pci_3,Advertisement for Zig-Zag rolling papers,contextual images,6-Mar,ZIG-ZAG,Zig-zag,https://www.parismuseescollections.paris.fr/fr/musee-carnavalet/oeuvres/zig-zag-papier-a-cigarettes-distributeur-automatique-le-meilleur-et-le-plus,"*better scan I think of the same poster
c.1900 Zig-Zag papier à cigarettes affiche",Musée Carnavalet creative commons zero,,"Poster advertising Zig-Zag cigarette papers, c.1900. [illustrator unknown]",002,paris-project-exhibition,paris-project-exhibition,"/img/derivatives/iiif/images/pci_3/full/250,/0/default.jpg","/img/derivatives/iiif/images/pci_3/full/1140,/0/default.jpg",/img/derivatives/iiif/pci_3/manifest.json
pci_4,Lion Noir,contextual images,6-Mar,LION NOIR,Lion Noir,https://francearchives.fr/fr/facomponent/ff65e91d46c4da991865bc7520b3e8ae07643271,c. 1900 Cirage du Lion Noir. Demeyer. imperméable sans acide. le seul bon en vente partout. cirage noir et crème jaune. usine à Montrouge / Ch[arles] L[ouis] Méry,"Not completely sure, but the image is at least from a legit French government archive site as opposed to a random tumblr post. Here's a link to the permissions page that I haven't quite deciphered https://opendata.hauts-de-seine.fr/page/licences/",,"Poster advertising Lion Noir (Black Lion) shoe polish, c.1900.
[Illustrated by Louis Méry]",003,paris-project-exhibition,paris-project-exhibition,"/img/derivatives/iiif/images/pci_4/full/250,/0/default.jpg","/img/derivatives/iiif/images/pci_4/full/1140,/0/default.jpg",/img/derivatives/iiif/pci_4/manifest.json
pci_5,Advertisement for Cacao Blooker,contextual images,6-Mar,"CACAO BLOOKER
",Cacao Blooker,https://geheugen.delpher.nl/en/geheugen/view/cacao-blooker?coll=ngvn&maxperpage=36&page=1&query=cacao+blooker&identifier=RA01%3A30051001559662,c.1900-01 poster,"Not completely sure, but the image is from a legitimate government museum archive site from the Netherlands. Source
RA/00045 (affiche), 150 jaar Nederlandse reclame, ReclameArsenaal
Copyright
for information contact ReclameArsenaal",Which Cacao Blooker?,"Poster advertising Cacao Blooker Dutch chocolate, c.1900-1910",004,paris-project-exhibition,paris-project-exhibition,"/img/derivatives/iiif/images/pci_5/full/250,/0/default.jpg","/img/derivatives/iiif/images/pci_5/full/1140,/0/default.jpg",/img/derivatives/iiif/pci_5/manifest.json
pci_6,Chambre des Députés station,contextual images,9-Jul,CHAMBRE DES DEPUTES,Chambre des Députés station,https://twitter.com/ligne12_ratp/status/781072723586015232?lang=da,"This image from the Ligne 12 twitter feed is the only one I could find of the Chambre des Déuputés station, and I do not know the rights. I did a reverse google images search and could not find it anywhere else on the internet. The station was renamed Assemblé Nationale in 1990.",,,Photograph of the platform of the Chambre des Députés Station on the Nord-Sud line (date?),005,paris-project-exhibition,paris-project-exhibition,"/img/derivatives/iiif/images/pci_6/full/250,/0/default.jpg","/img/derivatives/iiif/images/pci_6/full/1140,/0/default.jpg",/img/derivatives/iiif/pci_6/manifest.json
pci_7,Beer advertisement,contextual images,13-Dec,BYRRH,Byrrh,"https://hprints.com/en/item/30367/?u=1,1 http://www.artnet.com/artists/jules-alexandre-gr%C3%BCn/byrrh-tonique-hygi%C3%A9nique-eznTMVS5qc2QPqA-Dnwiaw2","I am pretty sure this is the ""scarlet lady"" Byrrh poster that the poem is talking about. 1909 Jules Alexandre Grün","Could not find it in the public domain anywhere. The link is a site where you can buy a download for under $10, but not sure how that works with usage.",,"Poster advertising Byrrh wine-based apéritif, c.1909.
[Illustrated by Jules Alexandre Grün.]",006,paris-project-exhibition,paris-project-exhibition,"/img/derivatives/iiif/images/pci_7/full/250,/0/default.jpg","/img/derivatives/iiif/images/pci_7/full/1140,/0/default.jpg",/img/derivatives/iiif/pci_7/manifest.json
pci_8,Place de la Concorde,contextual images,17,CONCORDE,Place de la Concorde,https://gallica.bnf.fr/ark:/12148/btv1b53206622t,c. 1906-1907 Place de la Concorde [circulation de fiacres et d'omnibus],Gallica public domain,,"The Place de la Concorde is an important public square on the right bank of Paris. This photograph of the Place de la Concorde was taken from the Pont de la Concorde with the Luxor Obélisque visible in the background, c.1906-7.  [During the French Revolution the Place de la Concorde was renamed Place de la Révolution, and Louis XVI was famously executed there in 1793.]",007,paris-project-exhibition,paris-project-exhibition,"/img/derivatives/iiif/images/pci_8/full/250,/0/default.jpg","/img/derivatives/iiif/images/pci_8/full/1140,/0/default.jpg",/img/derivatives/iiif/pci_8/manifest.json
pci_9,The Tuileries,contextual images,20-22,Tuileries,Jardin des Tuileries,https://bibliotheques-specialisees.paris.fr/ark:/73873/pf0002048382,"1878 Paris. Jardin des Tuileries. Vue aérienne sur les allées du bassin, le long de la terrasse du bord de l'eau, et en arrière-plan, la rive gauche vers le sud-ouest`","Droits
Reproduction réservée à un usage strictement privé. Mention de la source obligatoire.
Source
Ville de Paris / BHVP",,"The Tuileries are a large public garden in between the Place de la Concorde and the Louvre on the right bank of Paris. This aerial photograph of the Jardin des Tuileries contains one of the garden's several decorative fountains and shows the left bank in the background on the other side of the Seine, c.1878.",008,paris-project-exhibition,paris-project-exhibition,"/img/derivatives/iiif/images/pci_9/full/250,/0/default.jpg","/img/derivatives/iiif/images/pci_9/full/1140,/0/default.jpg",/img/derivatives/iiif/pci_9/manifest.json
pci_10,Le départ pour Cythère,contextual images,27-29,Le départ pour Cythère,L'Embarcation pour Cythere,"https://commons.wikimedia.org/wiki/File:L%27Embarquement_pour_Cythere,_by_Antoine_Watteau,_from_C2RMF_retouched.jpg
https://www.louvre.fr/oeuvre-notices/pelerinage-l-ile-de-cythere
https://histoire-image.org/fr/etudes/pelerinage-ile-cythere-dit-embarquement-cythere
also on https://www.photo.rmn.fr/","Antoine Wasseau, Pélerinage à l'île de Cythère, dit L'Embarquement pour Cythère  (Pilgrimage to Cythera, so-called The Embarkation for Cythera) 1717, Louvre.","Wikimedia Commons
",,"Antoine Wasseau's 1717 painting Pélerinage à l'île de Cythère, dit L'Embarquement pour Cythère  (Pilgrimage to Cythera, so-called The Embarkation for Cythera), held by the Louvre. The painting depicts a large party of couples departing--or according to some interpretations, returning--from Cytheria, Venus's island of love.",009,paris-project-exhibition,paris-project-exhibition,"/img/derivatives/iiif/images/pci_10/full/250,/0/default.jpg","/img/derivatives/iiif/images/pci_10/full/1140,/0/default.jpg",/img/derivatives/iiif/pci_10/manifest.json
pci_11,Rue de la Goutte d'Or,contextual images,153-54,A golden drop of Harpargon's blood,Rue de la Goutte d'Or,https://www.parismuseescollections.paris.fr/fr/musee-carnavalet/oeuvres/vieille-maison-faisant-l-angle-des-rues-de-polonceau-et-de-la-goutte-d-or#infos-principales,Vieille maison faisant l'angle des rues de Polonceau et de la Goutte d'Or - Vue prise de la rue de Jessaint - octobre 1905,Musée carnavalet creative commons zero,,,010,paris-project-exhibition,paris-project-exhibition,"/img/derivatives/iiif/images/pci_11/full/250,/0/default.jpg","/img/derivatives/iiif/images/pci_11/full/1140,/0/default.jpg",/img/derivatives/iiif/pci_11/manifest.json
pci_12,Pissoirs,contextual images,150-154,A golden drop of Harpagon's blood,Pissoirs,https://www.parismuseescollections.paris.fr/fr/musee-carnavalet/oeuvres/urinoir-avec-ecran-eleve-a-une-stalle-en-maconnerie-square-des,"Urinoir avec écran élevé à une stalle en maçonnerie, square des Batignolles,17ème arrondissement, Paris.   
Marville, Charles photographe
c.1858-78",Musée carnavalet creative commons zero,Which pissoir?,,011,paris-project-exhibition,paris-project-exhibition,"/img/derivatives/iiif/images/pci_12/full/250,/0/default.jpg","/img/derivatives/iiif/images/pci_12/full/1140,/0/default.jpg",/img/derivatives/iiif/pci_12/manifest.json
pci_13,Kiosk,contextual images,150-154,Little temples of Mercury,Kiosque,https://www.parismuseescollections.paris.fr/fr/musee-carnavalet/oeuvres/kiosque-et-fiacres-paris,c.1898-1902 Eugène Atget,Musée carnavalet creative commons zero,Which kiosque?,,012,paris-project-exhibition,paris-project-exhibition,"/img/derivatives/iiif/images/pci_13/full/250,/0/default.jpg","/img/derivatives/iiif/images/pci_13/full/1140,/0/default.jpg",/img/derivatives/iiif/pci_13/manifest.json
pci_14,Sacre Coeur de Montmartre,contextual images,150-154,Little temples of Mercury,Sacre Coeur de Montmartre,https://gallica.bnf.fr/ark:/12148/btv1b530681347,"jullet 1921 Paris, le Sacré-Cœur",Gallica public domain,Which Sacré Coeur?,,013,paris-project-exhibition,paris-project-exhibition,"/img/derivatives/iiif/images/pci_14/full/250,/0/default.jpg","/img/derivatives/iiif/images/pci_14/full/1140,/0/default.jpg",/img/derivatives/iiif/pci_14/manifest.json
pci_15,24-hour shop [Deuil en 24 heures],contextual images,148,DEUIL EN 24 HEURES,Deuil en 24 heures,https://www.parismuseescollections.paris.fr/fr/musee-carnavalet/oeuvres/immeuble-6-rue-de-sevres-6eme-arrondissement-paris,"c.1893-98 Immeuble, 6 rue de Sèvres, 6ème arrondissement, Paris.",Musée carnavalet creative commons zero,,,014,paris-project-exhibition,paris-project-exhibition,"/img/derivatives/iiif/images/pci_15/full/250,/0/default.jpg","/img/derivatives/iiif/images/pci_15/full/1140,/0/default.jpg",/img/derivatives/iiif/pci_15/manifest.json
pci_16,somethingsomething,contextual images,;salkfj,a;lskdfj,A;SLDFJA,A;SLDKFJA;SL,,,,,015,paris-project-exhibition,paris-project-exhibition,"/img/derivatives/iiif/images/pci_16/full/250,/0/default.jpg","/img/derivatives/iiif/images/pci_16/full/1140,/0/default.jpg",/img/derivatives/iiif/pci_16/manifest.json
pci_17,Grand Guignol,contextual images,131,Grand Guignol,Grand Guignol,https://www.parismuseescollections.paris.fr/fr/musee-carnavalet/oeuvres/le-grand-guignol-tous-les-soirs-a-9-h-20-rue-chaptal#infos-principales,1890 Affiche Le Grand Guignol à 9h tous les soirs 20 rue Chaptal Jules-Alexandre Grün,Musée Carnavalet creative commons zero,Which Grand Guignol poster?,,016,paris-project-exhibition,paris-project-exhibition,"/img/derivatives/iiif/images/pci_17/full/250,/0/default.jpg","/img/derivatives/iiif/images/pci_17/full/1140,/0/default.jpg",/img/derivatives/iiif/pci_17/manifest.json
pci_18,President Wilson visiting Paris,contextual images,125-27,President Wilson,Wilson,https://gallica.bnf.fr/ark:/12148/btv1b53005804r,"18 janvier 1919 Conférence de la Paix, M. Wilson [au quai d'Orsay]",,Which Wilson?,,017,paris-project-exhibition,paris-project-exhibition,"/img/derivatives/iiif/images/pci_18/full/250,/0/default.jpg","/img/derivatives/iiif/images/pci_18/full/1140,/0/default.jpg",/img/derivatives/iiif/pci_18/manifest.json
pci_19,The Chardins,contextual images,117-21,The Chardins,The Chardins,https://commons.wikimedia.org/wiki/File:Jean-Baptiste_Sim%C3%A9on_Chardin_007.jpg,"J.B.S. Chardin most famous painting in my opinion, held by the Louvre",Wikimedia commons public domain,,,018,paris-project-exhibition,paris-project-exhibition,"/img/derivatives/iiif/images/pci_19/full/250,/0/default.jpg","/img/derivatives/iiif/images/pci_19/full/1140,/0/default.jpg",/img/derivatives/iiif/pci_19/manifest.json
pci_20,Mantegna's Seven Deadly Sins,contextual images,117-21,Mantegna's Seven Deadly Sins,Mantegna's Seven Deadly Sins,"https://commons.wikimedia.org/wiki/File:Minerve_chassant_les_Vices_du_jardin_des_Vertus,_Mantegna_(Louvre_INV_371)_02.jpg",Andrea Mantegna Minerve chassant les Vices du jardin des Vertus c.1502,Wikimedia commons public domain,,,019,paris-project-exhibition,paris-project-exhibition,"/img/derivatives/iiif/images/pci_20/full/250,/0/default.jpg","/img/derivatives/iiif/images/pci_20/full/1140,/0/default.jpg",/img/derivatives/iiif/pci_20/manifest.json
pci_21,Pierrot (Gilles),contextual images,116-21,Giles,Pierrot (Gilles),"https://commons.wikimedia.org/wiki/File:Jean-Antoine_Watteau_-_Pierrot,_dit_autrefois_Gilles.jpg","Jean-Antoine Watteau, Pierrot, dit autrefois Gilles c.1717-1719 Louvre",Wikimedia commons public domain,,,020,paris-project-exhibition,paris-project-exhibition,"/img/derivatives/iiif/images/pci_21/full/250,/0/default.jpg","/img/derivatives/iiif/images/pci_21/full/1140,/0/default.jpg",/img/derivatives/iiif/pci_21/manifest.json
pci_22,L'Olympe,contextual images,116-21,L'Olympe,L'Olympe,https://commons.wikimedia.org/wiki/File:Edouard_Manet_-_Olympia_-_Google_Art_Project_2.jpg,"Edouard Manet, Olympia 1863. Currently in the Musée d'Orsay (founded 1986)--I know that a lot of the impressionist painting currently at the Orsay bounced around a lot between the Musée de Luxembourg, the Jeu de Paume, and I guess the Louvre since HM names it here. Could do more research to confirm.",Wikimedia commons public domain,,,021,paris-project-exhibition,paris-project-exhibition,"/img/derivatives/iiif/images/pci_22/full/250,/0/default.jpg","/img/derivatives/iiif/images/pci_22/full/1140,/0/default.jpg",/img/derivatives/iiif/pci_22/manifest.json
pci_23,Pieta de Villeneuve les avignon,contextual images,116-21,The Pietà of Avignon,Pieta de Villeneuve les avignon,"https://commons.wikimedia.org/wiki/File:Enguerrand_Quarton,_La_Piet%C3%A0_de_Villeneuve-l%C3%A8s-Avignon_(c._1455).jpg","Enguerrand Quarton, La Pietà de Villeneuve-lès-Avignon (c. 1455) Louvre",Wikimedia commons public domain,,,022,paris-project-exhibition,paris-project-exhibition,"/img/derivatives/iiif/images/pci_23/full/250,/0/default.jpg","/img/derivatives/iiif/images/pci_23/full/1140,/0/default.jpg",/img/derivatives/iiif/pci_23/manifest.json
pci_24,Louvre 1914-1918,contextual images,116-21,Louvre,Louvre 1914-1918,https://gallica.bnf.fr/ark:/12148/btv1b90309415,Le Musée du Louvre pendant la guerre: la Grande Galerie 24 mai 1918,Gallica public domain,Which empty Louvre?,,023,paris-project-exhibition,paris-project-exhibition,"/img/derivatives/iiif/images/pci_24/full/250,/0/default.jpg","/img/derivatives/iiif/images/pci_24/full/1140,/0/default.jpg",/img/derivatives/iiif/pci_24/manifest.json
pci_25,Mme Jacquemart-Andre,contextual images,114-15,Madame Jacquemart-André,Mme Jacquemart-Andre,https://commons.wikimedia.org/wiki/File:Nelie_Jacquemart-Andr%C3%A9_-_Autoportrait.jpg,self portrait C 1880,"wikimedia This work is in the public domain in its country of origin and other countries and areas where the copyright term is the author's life plus 100 years or fewer.

",,"Nélie Jacquemart (1841-1912) was an art patron, collector, and painter in her own right. This c.1880 self portrait is held by the Musée Jacquemart-Andrée, which was established following
Nélie Jacquemart's death in her and husband Édouard André's former home on the Boulevard Haussman.",024,paris-project-exhibition,paris-project-exhibition,"/img/derivatives/iiif/images/pci_25/full/250,/0/default.jpg","/img/derivatives/iiif/images/pci_25/full/1140,/0/default.jpg",/img/derivatives/iiif/pci_25/manifest.json
pci_26,Joseph Pernet-Ducher,contextual images,111-14,Named after wives of Mayors.....,Joseph Pernet-Ducher,http://bibliotheque-numerique.hortalia.org/items/show/3328,"Joseph Pernet-Ducher, who named a hybrid tea-rose ""Mme Edouard Herriot"" after the wife of the then mayor of Lyons in 1913. Image from Les Amis des roses: journal de la Société française de rosiéristes, 1925",Not compeletely sure,,"This photograph of award-winning rosarian Joseph Pernet-Ducher and his specimens was originally included as a plate in a 1925 issue of Les Amis des roses: journal de la Société française de rosiéristes. Pernet-Ducher developed a new hybrid tea-rose in 1913 and named it ""Mme Edouard Herriot"" after the wife of the then mayor of Lyon.",025,paris-project-exhibition,paris-project-exhibition,"/img/derivatives/iiif/images/pci_26/full/250,/0/default.jpg","/img/derivatives/iiif/images/pci_26/full/1140,/0/default.jpg",/img/derivatives/iiif/pci_26/manifest.json
pci_27,Portrait of Comtesse d'Haussonville by J.A.D. Ingres,contextual images,114-15,Ingres,J.A.D. Ingres,https://commons.wikimedia.org/wiki/File:Jean-Auguste-Dominique_Ingres_-_Comtesse_d%27Haussonville_-_Google_Art_Project.jpg,"Ingres, Portrait of Comtesse d'Haussonville (1845) Frick Collection. A hypothetical Ingres portrait of Mme Jacquemart-André might look something like this portrait commision.",,Which Ingres portrait?,"J. A. D. Ingres (1780-1867) is best known today for his neoclassical paintings, but he also completed several commissioned portraits in the late years of his career. A hypothetical Ingres portrait of Mme Jacquemart-André might resemble his 1845 Portrait of Comtesse d'Haussonville, held by the  Frick Collection.",026,paris-project-exhibition,paris-project-exhibition,"/img/derivatives/iiif/images/pci_27/full/250,/0/default.jpg","/img/derivatives/iiif/images/pci_27/full/1140,/0/default.jpg",/img/derivatives/iiif/pci_27/manifest.json
pci_28,Lyons Rose,contextual images,110-13,Scentless Lyons' roses,Lyon rose,http://bibliotheque-numerique.hortalia.org/items/show/2357,Gravure extraite de la revue horticole 1910.,Not compeletely sure,,"This c.1910 engraving of a Lyon rose orignally appeared in France's Revue Horticole (Horitcultural Review). Lyon has been known for its expert breeding hybrid roses, including the scentless variety named after the city, since the nineteenth century.",027,paris-project-exhibition,paris-project-exhibition,"/img/derivatives/iiif/images/pci_28/full/250,/0/default.jpg","/img/derivatives/iiif/images/pci_28/full/1140,/0/default.jpg",/img/derivatives/iiif/pci_28/manifest.json
pci_29,Au Bon Marché,contextual images,94-94,"AU
BON MARCHE",Au Bon Marché,https://commons.wikimedia.org/wiki/File:Au_Bon_March%C3%A9_1920.jpg,"Affiche publicitaire : ""Au Bon Marché. Maison A. Boucicaut, Paris. Mardi 2 mars et jours suivants, exposition générale.""
Date        1920 Julien Jacques Leclerc (illustrator). Imprimerie Chaix, Paris (publisher).","This work is in the public domain in its country of origin and other countries and areas where the copyright term is the author's life plus 70 years or fewer.
",,"Au Bon Marché, located between the rue de Babylone and the rue de Sevres in the left bank's fashionable 7eme arrondisement, was one of Paris's first modern department stores in the nineteenth century. This c.1920 poster advertises a general exposition at the store.",028,paris-project-exhibition,paris-project-exhibition,"/img/derivatives/iiif/images/pci_29/full/250,/0/default.jpg","/img/derivatives/iiif/images/pci_29/full/1140,/0/default.jpg",/img/derivatives/iiif/pci_29/manifest.json
pci_30,Gallic Cock,contextual images,77,cock,Gallic cock,https://www.loc.gov/resource/cph.3f03865/ also https://www.bibliotheques-clermontmetropole.eu/overnia/notice.php?q=id:71883,1915 poster Deposit your gold for France. Gold fights for victory. (Gallic cock design on coin),Library of Congress No known restrictions on publication.,,"The gallic cock serves as an unnoficial national symbol of France. This poster c.1915 uses the iconography of the Gallic cock to encourage the French people to support the war effort, reading, ""Deposit your gold for France. Gold fights for victory."" The image depicts a German soldier in the process of being crushed by a gold coin imprinted with the Gallic cock.",029,paris-project-exhibition,paris-project-exhibition,"/img/derivatives/iiif/images/pci_30/full/250,/0/default.jpg","/img/derivatives/iiif/images/pci_30/full/1140,/0/default.jpg",/img/derivatives/iiif/pci_30/manifest.json
pci_31,Chestnut seller [Vendeur de marrons],contextual images,69,Auvergnat,Vendeur de marrons,https://gallica.bnf.fr/ark:/12148/btv1b69110095,Vendeur de marrons-chauds 1908,Gallica public domain,,"This photograph depicts a hot-chestnut seller (vendeur des marrons-chauds) on the streets of Paris, c.1908.",030,paris-project-exhibition,paris-project-exhibition,"/img/derivatives/iiif/images/pci_31/full/250,/0/default.jpg","/img/derivatives/iiif/images/pci_31/full/1140,/0/default.jpg",/img/derivatives/iiif/pci_31/manifest.json
pci_32,Rue Saint-Honoré,contextual images,67-68,rue Saint-Honoré,Saint-Honoré,https://bibliotheques-specialisees.paris.fr/ark:/73873/pf0002101637/0002,"Paris. Rue Saint-Honoré, n° 170 et suivants, à l'angle de la rue Croix-des-Petits-Champs. Devantures de boutiques et d'hôtels 1910","Droits
Reproduction réservée à un usage strictement privé. Mention de la source obligatoire.
Source
Ville de Paris / BHVP",Which rue Saint-Honoré?,"The rue Saint-Honoré is a major shopping street in the 1er arrondisement. This photograph shows the intersection of the rue Saint-Honoré and the rue Croix-des-Petits-Champs, just North of the Louvre, c.1910.",031,paris-project-exhibition,paris-project-exhibition,"/img/derivatives/iiif/images/pci_32/full/250,/0/default.jpg","/img/derivatives/iiif/images/pci_32/full/1140,/0/default.jpg",/img/derivatives/iiif/pci_32/manifest.json
pci_33,Portrait of Cheateaubriand,contextual images,64-65,Chateaubriand,Chateaubriand,https://commons.wikimedia.org/wiki/File:Anne-Louis_Girodet-Trioson_006.jpg,C 1808,,,"Anne-Louis Girodet-Trioson's c.1808 painting Chateaubriand Meditating on the Ruins of Rome, held by the Museum of the History of the Town and the Pays Malouin in Chateaubriand's birthplace of Saint-Malo, Brittany. Chateaubriand was a famous writer and statesman in nineteenth century France.",032,paris-project-exhibition,paris-project-exhibition,"/img/derivatives/iiif/images/pci_33/full/250,/0/default.jpg","/img/derivatives/iiif/images/pci_33/full/1140,/0/default.jpg",/img/derivatives/iiif/pci_33/manifest.json
pci_34,Portrait of Juliette Récamier,contextual images,64-65,Madame Récamiers,Juliette Recamier,https://commons.wikimedia.org/wiki/File:Jacques-Louis_David_016.jpg,Jacques Louis David Portrait de Madame Récamier 1800 Louvre Paris,This work is in the public domain in its country of origin and other countries and areas where the copyright term is the author's life plus 100 years or fewer.,,"Jacques-Louis David's 1800 painting Portait of Madame Recamier, held by the Louvre. Juliette Recamier hosted a leading salon of early nineteenth century Paris, regularly attended by such literary stars as Chateaubriand.",033,paris-project-exhibition,paris-project-exhibition,"/img/derivatives/iiif/images/pci_34/full/250,/0/default.jpg","/img/derivatives/iiif/images/pci_34/full/1140,/0/default.jpg",/img/derivatives/iiif/pci_34/manifest.json
pci_35,Spinario,contextual images,63,A Roman boy,Spinario,http://www.museicapitolini.org/en/percorsi/percorsi_per_sale/appartamento_dei_conservatori/sala_dei_trionfi/spinario,"this may be the correct statue, and it's possible to purchase the image",,,"The Spinaro (known as Tireur d'épine in French or Boy with Thorn in English) is a genre of ancient statue depicting a boy removing a thorn from the bottom of his foot. The most famous example of the Spinario genre is held by the Musei Capitolini in Rome, but there are many bronze copies dating from the Renaissance onwards.",034,paris-project-exhibition,paris-project-exhibition,"/img/derivatives/iiif/images/pci_35/full/250,/0/default.jpg","/img/derivatives/iiif/images/pci_35/full/1140,/0/default.jpg",/img/derivatives/iiif/pci_35/manifest.json
pci_36,Women walking in the Bois de Boulogne,contextual images,60-61,The Bois bores me,"Bois de Boulogne
(atmosphere)",https://gallica.bnf.fr/ark:/12148/btv1b6928657r,"Toilettes au Bois de Boulogne, deux femmes élégantes 5-2-14",Gallica public domain,,,035,paris-project-exhibition,paris-project-exhibition,"/img/derivatives/iiif/images/pci_36/full/250,/0/default.jpg","/img/derivatives/iiif/images/pci_36/full/1140,/0/default.jpg",/img/derivatives/iiif/pci_36/manifest.json
pci_37,Musée du Luxembourg,contextual images,58,Salle Caillebotte,Musée du Luxembourg,https://www.pop.culture.gouv.fr/notice/memoire/APMNLUG000002,"c. 1912 Galerie de Sculpture, vers 1912 : vue d'ensemble","Ministère de la Culture (France), Médiathèque de l'architecture et du patrimoine, diffusion RMN-GP",,"This photograph depicts the Musée de Luxembourg's sculpture gallery, c.1912. French painter Gustave Caillebotte bequeathed his collection of impressionist paintings to the state, and the paintings were put on display in 1897 in a gallery named after Caillebotte in the Musée du Luxembourg.",036,paris-project-exhibition,paris-project-exhibition,"/img/derivatives/iiif/images/pci_37/full/250,/0/default.jpg","/img/derivatives/iiif/images/pci_37/full/1140,/0/default.jpg",/img/derivatives/iiif/pci_37/manifest.json
pci_38,Arc de Triomphe,contextual images,55-56,Arc de Triomphe,Arc de Triomphe de l'Étoile,"https://commons.wikimedia.org/wiki/Category:Arc_de_Triomphe_de_l%27%C3%89toile_in_the_1910s#/media/File:Paris._Arch_of_Triumph,_between_1909_and_1919.jpg
original LOC http://loc.gov/pictures/resource/npcc.19297/",C 1909-1919,,Which Arc de Triomphe?,"This photograph depicts the Arc de Triomphe de L'Étoile c.1909-1919. The Champs Élysées runs from the Arc de Triomphe in the West to the Place de la Concorde in the East. [The monument was commissed by Napoleon to commemorate his 1805 military victory at Austerlitz.] [A ceremony to commemorate the November 11, 1918 armistice takes place at the Arc each year, and it is also the location of France's Tomb of the Unknown Solider.]",037,paris-project-exhibition,paris-project-exhibition,"/img/derivatives/iiif/images/pci_38/full/250,/0/default.jpg","/img/derivatives/iiif/images/pci_38/full/1140,/0/default.jpg",/img/derivatives/iiif/pci_38/manifest.json
pci_39,L'Étoile,contextual images,,I hate the Etoile,L'Étoile,"https://commons.wikimedia.org/wiki/File:Aerial_view_of_the_Arc_de_Triomphe,_Paris,_France,_ca._1900.jpg
original State Library Victoria https://viewer.slv.vic.gov.au/?entity=IE138025&mode=browse","C 1900, aerial",Wikimedia public domain,,"Twelve avenues, including the Avenue des Champs Élysées, intersect to form a star (étoile) pattern with the Arc de Triomphe at the center at the Place de L'Étoile. This aerial photograph of the Étoile was taken c.1909-19.",038,paris-project-exhibition,paris-project-exhibition,"/img/derivatives/iiif/images/pci_39/full/250,/0/default.jpg","/img/derivatives/iiif/images/pci_39/full/1140,/0/default.jpg",/img/derivatives/iiif/pci_39/manifest.json
pci_40,Portrait of the Duchess of Alba,contextual images,43-50,Duchess of Alba,Duchess of Alba,https://commons.wikimedia.org/wiki/File:Goya_Alba1.jpg,"Francisco Goya, The White Duchess (1795) Liria Palace, Collection of the Duke of Alba, Spain.",Wikimedia commons,,"Francisco Goya's 1795 painting The White Duchess, held by the Liria Palace in Spain. Goya painted María Cayetana de Silva, 13th Duchess of Alba, on several occasions, including in The Black Duchess (1797), which depicts the duchess in morning following her husband's death.",039,paris-project-exhibition,paris-project-exhibition,"/img/derivatives/iiif/images/pci_40/full/250,/0/default.jpg","/img/derivatives/iiif/images/pci_40/full/1140,/0/default.jpg",/img/derivatives/iiif/pci_40/manifest.json
pci_41,L.A. Lévêque's Nymphe stautue in the Jardin des Tuileries,contextual images,30-34,nymphs,Nymph,https://gallica.bnf.fr/ark:/12148/btv1b10516302f,"Lévêque Nymphe Tuileries mai 1906 Atget, Eugène (1857-1927)",Gallica public domain,Which nymph?,"Photograph of L.A. Lévêque's Nymphe stautue in the Jardin des Tuileries by Eugène Atget, c.1906.",040,paris-project-exhibition,paris-project-exhibition,"/img/derivatives/iiif/images/pci_41/full/250,/0/default.jpg","/img/derivatives/iiif/images/pci_41/full/1140,/0/default.jpg",/img/derivatives/iiif/pci_41/manifest.json
pci_42,Gambetta Monument,contextual images,34-39,Gambetta,Gambetta monument,"https://commons.wikimedia.org/wiki/File:Monument_Gambetta,_Paris_(g1065).jpg
original https://regards.monuments-nationaux.fr/fr/asset-17038",c.1900-1919,Wikimedia public domain,Which Gambetta monument?,"Photograph of the monument to French statesman Leon Gambetta in the Cour Napoléon in the front of the musée du Louvre, c.1900-19. Gambetta played a significant role in the Franco-Prussian War (1870-71) and the founding of France's Third Republic (1870-1940).",041,paris-project-exhibition,paris-project-exhibition,"/img/derivatives/iiif/images/pci_42/full/250,/0/default.jpg","/img/derivatives/iiif/images/pci_42/full/1140,/0/default.jpg",/img/derivatives/iiif/pci_42/manifest.json
pci_43,Port-Royal,contextual images,447,the Abbaye of Port-Royal,Port-Royal,https://www.parismuseescollections.paris.fr/fr/node/765792,"Cour de l’hôpital de la Maternité, Port-Royal, 14ème arrondissement, Paris",Musée carnavalet creative commons zero,Which Port-Royal?,,042,paris-project-exhibition,paris-project-exhibition,"/img/derivatives/iiif/images/pci_43/full/250,/0/default.jpg","/img/derivatives/iiif/images/pci_43/full/1140,/0/default.jpg",/img/derivatives/iiif/pci_43/manifest.json
pci_44,,contextual images,20-22,Tuileries,"Jardin des Tuileries
(war)""",https://gallica.bnf.fr/ark:/12148/btv1b53005899q,"Casques allemands aux Tuileries trophées, campagne de souscription à l' ""Emprunt de la Libération"", 20 octobre 1918",Gallica public domain,,,043,paris-project-exhibition,paris-project-exhibition,"/img/derivatives/iiif/images/pci_44/full/250,/0/default.jpg","/img/derivatives/iiif/images/pci_44/full/1140,/0/default.jpg",/img/derivatives/iiif/pci_44/manifest.json
pci_45,Jardin des Tuileries,contextual images,20-22,Tuileries,"Jardin des Tuileries
(atmosphere)",https://gallica.bnf.fr/ark:/12148/btv1b9042075r,14 juillet 1914 Le Charmeur d'oiseaux aux Tuileries,Gallica public domain,,,044,paris-project-exhibition,paris-project-exhibition,"/img/derivatives/iiif/images/pci_45/full/250,/0/default.jpg","/img/derivatives/iiif/images/pci_45/full/1140,/0/default.jpg",/img/derivatives/iiif/pci_45/manifest.json
pci_46,,contextual images,451,les Halles,Les Halles,https://www.parismuseescollections.paris.fr/fr/musee-carnavalet/oeuvres/etalage-de-poisson-au-marche-des-halles-pavillon-baltard-1er-arrondissement#infos-principales,1898 Eugène Atget Les Halles,Musée Carnavalet creative commons zero,Which les Halles?,,045,paris-project-exhibition,paris-project-exhibition,"/img/derivatives/iiif/images/pci_46/full/250,/0/default.jpg","/img/derivatives/iiif/images/pci_46/full/1140,/0/default.jpg",/img/derivatives/iiif/pci_46/manifest.json
pci_47,German tank in Place de la Concorde,contextual images,17,CONCORDE,Place de la Concorde (war),https://gallica.bnf.fr/ark:/12148/btv1b530056688,"Tank allemand, place de la Concorde trophées de guerre, 20 octobre 1918, exposés pour l'emprunt de la libération",Gallica public domain,,,046,paris-project-exhibition,paris-project-exhibition,"/img/derivatives/iiif/images/pci_47/full/250,/0/default.jpg","/img/derivatives/iiif/images/pci_47/full/1140,/0/default.jpg",/img/derivatives/iiif/pci_47/manifest.json
pci_48,Bouquinistes,contextual images,405-06,bouquinistes,Bouquinistes,https://www.parismuseescollections.paris.fr/fr/musee-carnavalet/oeuvres/cochers-et-bouquinistes-quai-voltaire-7eme-arrondissement-paris#infos-principales,"1898 Eugène Atget Cochers et bouquinistes, quai Voltaire, 7ème arrondissement, Paris",Musée carnavalet creative commons zero,Which bouqinistes?,,047,paris-project-exhibition,paris-project-exhibition,"/img/derivatives/iiif/images/pci_48/full/250,/0/default.jpg","/img/derivatives/iiif/images/pci_48/full/1140,/0/default.jpg",/img/derivatives/iiif/pci_48/manifest.json
pci_49,The Fronde,contextual images,290-93,Fronde,The Fronde,"https://commons.wikimedia.org/wiki/File:Combat_de_deux_cavaliers_lors_de_la_Fronde,_faubourg_Saint-Antoine,_sous_les_murs_de_la_Bastille.jpg?uselang=fr","Anonymous painting of the battle of faubourg Saint-Antoine, 1652. Combat de deux cavaliers lors de la Fronde, Faubourg Saint-Antoine, près des remparts de la Bastille. Versailles.",Wikimedia commons,,,048,paris-project-exhibition,paris-project-exhibition,"/img/derivatives/iiif/images/pci_49/full/250,/0/default.jpg","/img/derivatives/iiif/images/pci_49/full/1140,/0/default.jpg",/img/derivatives/iiif/pci_49/manifest.json
pci_50,Dubonnet,contextual images,9-Jul,(DUBONNET),Dubonnet,https://www.parismuseescollections.paris.fr/fr/musee-carnavalet/oeuvres/quinquina-dubonnetaperitif-dans-tous-les-cafes#infos-principales,"1896 Chéret, Jules (Paris, 31–05–1836 - Nice, 23–09–1932), dessinateur",Musée carnavalet creative commons zero,Which Dubonnet?,,049,paris-project-exhibition,paris-project-exhibition,"/img/derivatives/iiif/images/pci_50/full/250,/0/default.jpg","/img/derivatives/iiif/images/pci_50/full/1140,/0/default.jpg",/img/derivatives/iiif/pci_50/manifest.json
pci_51,Painting by Jacques-Louis David,contextual images,290-93,David,Jacques-Louis David,https://commons.wikimedia.org/wiki/File:Le_Serment_du_Jeu_de_paume.jpg?uselang=fr,"Jacques-Louis David Le Serment du Jeu de paume, 20 juin 1789 (esquisse) (1791). Versailles.
For more see https://histoire-image.org/fr/etudes/serment-jeu-paume-20-juin-1789",Wikimedia commons,,,050,paris-project-exhibition,paris-project-exhibition,"/img/derivatives/iiif/images/pci_51/full/250,/0/default.jpg","/img/derivatives/iiif/images/pci_51/full/1140,/0/default.jpg",/img/derivatives/iiif/pci_51/manifest.json
pci_52,Prise de la Bastille,contextual images,290-93,Prise de la Bastille,Prise de la Bastille,"https://commons.wikimedia.org/wiki/File:Anonymous_-_Prise_de_la_Bastille.jpg 
AND Versailles official website http://collections.chateauversailles.fr/?permid=permobj_dba081cb-aa6b-4689-9d11-aeaef44a6291","Anonymous, Prise de la Bastille, 14 juillet 1789. Versailles.
For more see https://histoire-image.org/fr/etudes/prise-bastille-14-juillet-1789",Wikimedia commons,,,051,paris-project-exhibition,paris-project-exhibition,"/img/derivatives/iiif/images/pci_52/full/250,/0/default.jpg","/img/derivatives/iiif/images/pci_52/full/1140,/0/default.jpg",/img/derivatives/iiif/pci_52/manifest.json
pci_53,Les Journées de Juin,contextual images,290-93,Massacres des Jours de Juin,Les journées de juin,https://commons.wikimedia.org/wiki/File:Meissonier_Barricade.jpg,"Ernest MEISSONIER (Lyon, 1815 - Poissy, 1891)
The Barricade, Rue de la Mortellerie, June 1848,
also known as Remembrance of Civil War. Louvre.
For more see the Louvre blurb https://www.louvre.fr/en/oeuvre-notices/barricade-rue-de-la-mortellerie-june-1848",Wikimedia commons,,,052,paris-project-exhibition,paris-project-exhibition,"/img/derivatives/iiif/images/pci_53/full/250,/0/default.jpg","/img/derivatives/iiif/images/pci_53/full/1140,/0/default.jpg",/img/derivatives/iiif/pci_53/manifest.json
pci_54,Place des Pyramides,contextual images,275-79,Rue des Pyramides,Place des Pyramides,https://gallica.bnf.fr/ark:/12148/btv1b531158601,"1915 Différentes affiches de la journée du poilu du 25 & 26 décembre 1915 sur un panneau, place des Pyramides à Paris",Gallica public domain,,,053,paris-project-exhibition,paris-project-exhibition,"/img/derivatives/iiif/images/pci_54/full/250,/0/default.jpg","/img/derivatives/iiif/images/pci_54/full/1140,/0/default.jpg",/img/derivatives/iiif/pci_54/manifest.json
pci_55,Nord-Sud metro line,contextual images,2,NORD-SUD,Nord-Sud metro line,https://bibliotheques-specialisees.paris.fr/ark:/73873/pf0000856030,Nouveau plan du Métropolitain et du Nord-Sud de Paris. 1914.,Paris Bibliothèques Consultable sans restrictions domaine public,,,054,paris-project-exhibition,paris-project-exhibition,"/img/derivatives/iiif/images/pci_55/full/250,/0/default.jpg","/img/derivatives/iiif/images/pci_55/full/1140,/0/default.jpg",/img/derivatives/iiif/pci_55/manifest.json
pci_56,Notre Dame in wartime,contextual images,Dedication,NOTRE DAME DE PARIS,Notre Dame (war),https://www.parismuseescollections.paris.fr/fr/musee-carnavalet/oeuvres/portail-de-notre-dame-portail-sainte-anne-recouvert-de-sacs-4eme#infos-principales,"Notre Dame during the war years
1918 Portail de Notre-Dame, portail Sainte-Anne recouvert de sacs, 4ème arrondissement, Paris.",Musée carnavalet creative commons zero,,,055,paris-project-exhibition,paris-project-exhibition,"/img/derivatives/iiif/images/pci_56/full/250,/0/default.jpg","/img/derivatives/iiif/images/pci_56/full/1140,/0/default.jpg",/img/derivatives/iiif/pci_56/manifest.json
pci_57,Notre Dame,contextual images,Dedication,NOTRE DAME DE PARIS,Notre Dame,https://gallica.bnf.fr/ark:/12148/btv1b6917870q,"1912 Notre-Dame [vue de la foule sur le parvis, drapeaux sur la façade]",Gallica public domain,Which Notre Dame façade?,"Cathédrale Notre-Dame de Paris, located on the Île de la Cité in the Seine between Paris's right and left banks, is one of the city's oldest and most recognizable landmarks. This photo was taken in May 1912.",056,paris-project-exhibition,paris-project-exhibition,"/img/derivatives/iiif/images/pci_57/full/250,/0/default.jpg","/img/derivatives/iiif/images/pci_57/full/1140,/0/default.jpg",/img/derivatives/iiif/pci_57/manifest.json
pci_58,Jacques-Louis David,contextual images,275-79,sphinx,gray sphinx of the Tuileries,https://gallica.bnf.fr/ark:/12148/btv1b10516647g,c.  1908-1922 Eugène Atget Tuileries - Jardin de Robespierre,Gallica public domain,,,057,paris-project-exhibition,paris-project-exhibition,"/img/derivatives/iiif/images/pci_58/full/250,/0/default.jpg","/img/derivatives/iiif/images/pci_58/full/1140,/0/default.jpg",/img/derivatives/iiif/pci_58/manifest.json
pci_59,Poilus,contextual images,275-79,Poilus,Poilus,https://www.pop.culture.gouv.fr/notice/memoire/00183230,"Paul Castelnau autochrome 1917.04.01 Déjeuner de poilu : soldat en bleu horizon avec au fond une librairie endommagée       
For more see https://histoire-image.org/fr/etudes/premiere-guerre-mondiale-devant-objectif","Ministère de la Culture (France), Médiathèque de l'architecture et du patrimoine, diffusion RMN-GP",Which Poilus autochrome?,,058,paris-project-exhibition,paris-project-exhibition,"/img/derivatives/iiif/images/pci_59/full/250,/0/default.jpg","/img/derivatives/iiif/images/pci_59/full/1140,/0/default.jpg",/img/derivatives/iiif/pci_59/manifest.json
pci_60,Poilus banner,contextual images,275-79,Poilus,Poilus,https://gallica.bnf.fr/ark:/12148/btv1b53017985w,13 juillet 1919 Rue du Faubourg Poissonnière avec une banderole en l'honneur des poilus,Gallica public domain,,,059,paris-project-exhibition,paris-project-exhibition,"/img/derivatives/iiif/images/pci_60/full/250,/0/default.jpg","/img/derivatives/iiif/images/pci_60/full/1140,/0/default.jpg",/img/derivatives/iiif/pci_60/manifest.json
pci_61,Tour Eiffel,contextual images,273-4,Eiffel Tower,Tour Eiffel,https://gallica.bnf.fr/ark:/12148/btv1b530147819,avril 1919 Tour Eiffel,Gallica public domain,Which Tour Eiffel photo?,,060,paris-project-exhibition,paris-project-exhibition,"/img/derivatives/iiif/images/pci_61/full/250,/0/default.jpg","/img/derivatives/iiif/images/pci_61/full/1140,/0/default.jpg",/img/derivatives/iiif/pci_61/manifest.json
pci_62,Place du Carrousel,contextual images,268,Place du Carrousel,Place du Carrousel,https://gallica.bnf.fr/ark:/12148/btv1b53130327h,3 mai 1924 Arc de triomphe du carrousel les tulipes du Carrousel [avec vue sur l'arc de triomphe du Carrousel],Gallica public domain,"Which ""garden islands""?",,061,paris-project-exhibition,paris-project-exhibition,"/img/derivatives/iiif/images/pci_62/full/250,/0/default.jpg","/img/derivatives/iiif/images/pci_62/full/1140,/0/default.jpg",/img/derivatives/iiif/pci_62/manifest.json
pci_63,1919 strikes,contextual images,263,La grève,1919 strikes,https://gallica.bnf.fr/ark:/12148/btv1b9032018f,08 juin 1919 La grève de la métallurgie : grévistes portant le drapeau rouge à Billancourt,Gallica public domain,Which grève image?,,062,paris-project-exhibition,paris-project-exhibition,"/img/derivatives/iiif/images/pci_63/full/250,/0/default.jpg","/img/derivatives/iiif/images/pci_63/full/1140,/0/default.jpg",/img/derivatives/iiif/pci_63/manifest.json
pci_64,The First of May in 1909,contextual images,235-59,The first of May,The first of May,https://gallica.bnf.fr/ark:/12148/btv1b69127962,1er mai 1909 [la foule] : Manifestation,Gallica public domain,Which first of May?,,063,paris-project-exhibition,paris-project-exhibition,"/img/derivatives/iiif/images/pci_64/full/250,/0/default.jpg","/img/derivatives/iiif/images/pci_64/full/1140,/0/default.jpg",/img/derivatives/iiif/pci_64/manifest.json
pci_65,M. Poincaré,contextual images,211-13,Crape veils,Widows,https://gallica.bnf.fr/ark:/12148/btv1b90327999,26 août 1919 M. Poincaré reçoit un bouquet de fleurs d'une jeune veuve,Gallica public domain,,,064,paris-project-exhibition,paris-project-exhibition,"/img/derivatives/iiif/images/pci_65/full/250,/0/default.jpg","/img/derivatives/iiif/images/pci_65/full/1140,/0/default.jpg",/img/derivatives/iiif/pci_65/manifest.json
pci_66,Crepe veils,contextual images,211-13,Crape veils,Crape [sic] veils,https://www.metmuseum.org/art/collection/search/821930,"Les élégances Parisiennes : publication officielle des Industries francaises de la mode
1916-1917",Met public domain,Which veils?,,065,paris-project-exhibition,paris-project-exhibition,"/img/derivatives/iiif/images/pci_66/full/250,/0/default.jpg","/img/derivatives/iiif/images/pci_66/full/1140,/0/default.jpg",/img/derivatives/iiif/pci_66/manifest.json
pci_67,Soldier examining a German trench,contextual images,204-5,Zouaves,Zouaves,https://gallica.bnf.fr/ark:/12148/btv1b6908713c,septembre 1915 Un zouave examinant une tranchée allemande au moyen d'un téléscope [dissimulé dans une tranchée],Gallica public domain,,,066,paris-project-exhibition,paris-project-exhibition,"/img/derivatives/iiif/images/pci_67/full/250,/0/default.jpg","/img/derivatives/iiif/images/pci_67/full/1140,/0/default.jpg",/img/derivatives/iiif/pci_67/manifest.json
pci_68,Uniforms from the 19th century Armée française - Zouaves,contextual images,204-5,Zouaves,Zouaves,https://gallica.bnf.fr/ark:/12148/btv1b53027175r,"lots of pictures 1914-18 but not in color, here is a lithograph of the uniforms from the 19th century Armée française. - Zouaves.",Gallica public domain,Which Zouaves?,,067,paris-project-exhibition,paris-project-exhibition,"/img/derivatives/iiif/images/pci_68/full/250,/0/default.jpg","/img/derivatives/iiif/images/pci_68/full/1140,/0/default.jpg",/img/derivatives/iiif/pci_68/manifest.json
pci_69,Marne,contextual images,196-97,Marne,Marne,https://gallica.bnf.fr/ark:/12148/btv1b69082053,"mai 1915 Bois-Sabot [vue d'un champ de bataille dans la Marne, entre Souain et Perthes]",Gallica public domain,Which Marne?,,068,paris-project-exhibition,paris-project-exhibition,"/img/derivatives/iiif/images/pci_69/full/250,/0/default.jpg","/img/derivatives/iiif/images/pci_69/full/1140,/0/default.jpg",/img/derivatives/iiif/pci_69/manifest.json
pci_70,Les Grands Boulevards in May 1919,contextual images,198,Grands Boulevards,Les Grands Boulevards,https://gallica.bnf.fr/ark:/12148/btv1b53016278t,"mai 1919 Paris, les Grands boulevards",Gallica public domain,Which Grands Boulevards?,,069,paris-project-exhibition,paris-project-exhibition,"/img/derivatives/iiif/images/pci_70/full/250,/0/default.jpg","/img/derivatives/iiif/images/pci_70/full/1140,/0/default.jpg",/img/derivatives/iiif/pci_70/manifest.json
pci_71,Monument with inscription Mort au champ d'honneur,contextual images,186,MORT AU CHAMP D'HONNEUR,Mort au champ d'honneur,https://gallica.bnf.fr/ark:/12148/btv1b9054009n,"Monument with inscription Mort au champ d'honneur example (it's possible to zoom in and upload a cropped version).  Auguste Maillard, statuaire : le monument aux acteurs morts au Champ d’Honneur 21 avril 1922",Gallica public domain,,,070,paris-project-exhibition,paris-project-exhibition,"/img/derivatives/iiif/images/pci_71/full/250,/0/default.jpg","/img/derivatives/iiif/images/pci_71/full/1140,/0/default.jpg",/img/derivatives/iiif/pci_71/manifest.json
pci_72,"Henri Rousseau Le lion, ayant faim, se jette sur l’antilope (The Hungry Lion Attacking an Antelope)",contextual images,180,Rousseau,Henri Rousseau,https://commons.wikimedia.org/wiki/File:Rousseau-Hungry-Lion.jpg,"Henri Rousseau Le lion, ayant faim, se jette sur l’antilope (The Hungry Lion Attacking an Antelope) 1905 Beyeler Foundation, Basel *exhibited at the 1905 Salon d'automne",wikimedia commons public domain,Which Rousseau painting?,,071,paris-project-exhibition,paris-project-exhibition,"/img/derivatives/iiif/images/pci_72/full/250,/0/default.jpg","/img/derivatives/iiif/images/pci_72/full/1140,/0/default.jpg",/img/derivatives/iiif/pci_72/manifest.json
pci_73,Père Lachaise,contextual images,175-77,Père Lachaise,Père Lachaise person,"http://collections.chateauversailles.fr/#0d244389-6ebf-451a-95a9-cdfb2dedb6cd   
and https://www.photo.rmn.fr/archive/12-545832-2C6NU08QYBH1.html ","Copie d'un portrait peint par Pierre Simon connu par une gravure de Gantrel (1694) ; collection de Louis-Philippe au château d'Eu (n°231) ; anciennement ovale, agrandi et mis au format rectangulaire avant 1850 ; achat de M. Toupey en 1851 à la succession de Louis-Philippe ; achat à M. Toupey pour 800 francs sur le budget de la Réunion des Musées nationaux, 15 novembre 1928. Dépôt du Louvre à Versailles le 22 décembre 1928.","© RMN-GP (Château de Versailles) / © Gérard Blot

Pour toute utilisation commerciale ou éditoriale d'images des collections du Château et du domaine national de Versailles, contacter l'Agence photographique de la RMN :
http://www.photo.rmn.fr/cf/htm/Search_New.aspx",,,072,paris-project-exhibition,paris-project-exhibition,"/img/derivatives/iiif/images/pci_73/full/250,/0/default.jpg","/img/derivatives/iiif/images/pci_73/full/1140,/0/default.jpg",/img/derivatives/iiif/pci_73/manifest.json
pci_74,Père Lachaise (cemetary),contextual images,175-77,Père Lachaise,Père Lachaise,https://gallica.bnf.fr/ark:/12148/btv1b530044149,"avril 1918 Père Lachaise [cimetière, Paris, 20e arrondissement, dégâts dûs aux bombardements]",Gallica public domain,,,073,paris-project-exhibition,paris-project-exhibition,"/img/derivatives/iiif/images/pci_74/full/250,/0/default.jpg","/img/derivatives/iiif/images/pci_74/full/1140,/0/default.jpg",/img/derivatives/iiif/pci_74/manifest.json
pci_75,Fête des morts 1917 au Père Lachaise,contextual images,175-77,Père Lachaise,Père Lachaise,https://gallica.bnf.fr/ark:/12148/btv1b53003745s,2 novembre 1917 Fête des morts 1917 au Père Lachaise :,Gallica public domain,,,074,paris-project-exhibition,paris-project-exhibition,"/img/derivatives/iiif/images/pci_75/full/250,/0/default.jpg","/img/derivatives/iiif/images/pci_75/full/1140,/0/default.jpg",/img/derivatives/iiif/pci_75/manifest.json
pci_76,Portrait of Jacques-Bénigne Bossuet,contextual images,166,Bossuet,Bossuet,https://commons.wikimedia.org/wiki/File:Jacques-B%C3%A9nigne_Bossuet_3.jpg,Hyacinthe Rigaud  (1659–1743) Portrait of Jacques-Bénigne Bossuet 1702 Louvre,Wikimedia commons,Which Bossuet portrait?,,075,paris-project-exhibition,paris-project-exhibition,"/img/derivatives/iiif/images/pci_76/full/250,/0/default.jpg","/img/derivatives/iiif/images/pci_76/full/1140,/0/default.jpg",/img/derivatives/iiif/pci_76/manifest.json
pci_77,learned seal at the Nouveau Cirque,contextual images,164,learned seal at the Nouveau Cirque,learned seal at the Nouveau Cirque,https://gallica.bnf.fr/ark:/12148/bpt6k96053604,22 septembre 1901 La Vie au grand air : revue illustrée de tous les sports  article about capitaine judge and his seals,Gallica public domain,,,076,paris-project-exhibition,paris-project-exhibition,"/img/derivatives/iiif/images/pci_77/full/250,/0/default.jpg","/img/derivatives/iiif/images/pci_77/full/1140,/0/default.jpg",/img/derivatives/iiif/pci_77/manifest.json
pci_78,Poster for Nouveau Cirque,contextual images,164,Nouveau Cirque,Nouveau Cirque,https://gallica.bnf.fr/ark:/12148/btv1b90151400,1894 Nouveau Cirque. Les Ours comiques : [affiche],Gallica public domain,Which Nouveau Cirque poster?,,077,paris-project-exhibition,paris-project-exhibition,"/img/derivatives/iiif/images/pci_78/full/250,/0/default.jpg","/img/derivatives/iiif/images/pci_78/full/1140,/0/default.jpg",/img/derivatives/iiif/pci_78/manifest.json
pci_79,Poster in support of the eight-hour workday,contextual images,162,La journée de huit heures,The eight hour work day,"https://bibliotheques-specialisees.paris.fr/ark:/73873/pf0002140038 
and https://histoire-image.org/fr/etudes/application-8-heures",Poster for the 8 hour workday Union des syndicats ouvriers de la Seine. Les 8 heures : [affiche] / Félix Doumenq,"Droits
domaine public
Source
Ville de Paris / BHVP",,,078,paris-project-exhibition,paris-project-exhibition,"/img/derivatives/iiif/images/pci_79/full/250,/0/default.jpg","/img/derivatives/iiif/images/pci_79/full/1140,/0/default.jpg",/img/derivatives/iiif/pci_79/manifest.json
pci_80,The Louvre & gardens,contextual images,,Louvre,The Louvre & gardens,"https://commons.wikimedia.org/wiki/Category:Historical_photographs_of_the_Louvre#/media/File:Panoramic_view_of_Louvre,_Paris,_ca._1909.jpg",aerial view C 1909,,,,079,paris-project-exhibition,paris-project-exhibition,"/img/derivatives/iiif/images/pci_80/full/250,/0/default.jpg","/img/derivatives/iiif/images/pci_80/full/1140,/0/default.jpg",/img/derivatives/iiif/pci_80/manifest.json
pci_81,Moulin Rouge,contextual images,422,Moulin Rouge,Moulin Rouge,https://gallica.bnf.fr/ark:/12148/btv1b53114912w,1914 Cabarets parisiens le Moulin Rouge,Gallica public domain,"Which Moulin Rouge 
exterior?",,080,paris-project-exhibition,paris-project-exhibition,"/img/derivatives/iiif/images/pci_81/full/250,/0/default.jpg","/img/derivatives/iiif/images/pci_81/full/1140,/0/default.jpg",/img/derivatives/iiif/pci_81/manifest.json
pci_82,Rue Saint Antoine,contextual images,339-40,rue Saint Antoine,Rue Saint Antoine,https://www.parismuseescollections.paris.fr/fr/musee-carnavalet/oeuvres/133-rue-saint-antoine-perspective-de-la-rue-4eme-arrondissement-paris#infos-principales,"1917 Lansiaux, Charles Joseph Antoine 133 Rue Saint-Antoine, perspective de la rue, 4ème arrondissement, Paris.",Musée Carnavalet creative commons zero,Which rue Saint-Antoine?,,081,paris-project-exhibition,paris-project-exhibition,"/img/derivatives/iiif/images/pci_82/full/250,/0/default.jpg","/img/derivatives/iiif/images/pci_82/full/1140,/0/default.jpg",/img/derivatives/iiif/pci_82/manifest.json
pci_83,Île Saint-Louis,contextual images,339-40,Ile Saint-Louis,Île Saint-Louis,https://gallica.bnf.fr/ark:/12148/btv1b9029281s,13 septembre 1929 un coin de l'île Saint-Louis,Gallica public domain,Which Île Saint-Louis?,,082,paris-project-exhibition,paris-project-exhibition,"/img/derivatives/iiif/images/pci_83/full/250,/0/default.jpg","/img/derivatives/iiif/images/pci_83/full/1140,/0/default.jpg",/img/derivatives/iiif/pci_83/manifest.json
pci_84,Louvre,contextual images,313-15,Louvre,Louvre,https://www.pop.culture.gouv.fr/notice/memoire/APPA000002,"c. 1920-1935 Branger, Maurice-Louis (1874-1950)
Palais du Louvre Cour carrée","Ministère de la Culture (France), Médiathèque de l'architecture et du patrimoine, diffusion RMN-GP",Which Louvre exterior?,,083,paris-project-exhibition,paris-project-exhibition,"/img/derivatives/iiif/images/pci_84/full/250,/0/default.jpg","/img/derivatives/iiif/images/pci_84/full/1140,/0/default.jpg",/img/derivatives/iiif/pci_84/manifest.json
pci_85,Bon Marché interior,contextual images,294-95,Bon Marché,Bon Marché interior,https://commons.wikimedia.org/wiki/File:Le_Bon_March%C3%A9_%C3%A0_Paris_(1875).jpg,interior c1900,Wikimedia commons,"Which Bon Marché?
I can't find a decent exterior photo of Bon Marché in the public domain so this interior photo could be a good alternative -SL",,084,paris-project-exhibition,paris-project-exhibition,"/img/derivatives/iiif/images/pci_85/full/250,/0/default.jpg","/img/derivatives/iiif/images/pci_85/full/1140,/0/default.jpg",/img/derivatives/iiif/pci_85/manifest.json
pci_86,Woman selling lillies of the valley,contextual images,235-59,Lily of the valley,Lily of the valley,https://gallica.bnf.fr/ark:/12148/btv1b69162102,"1er mai 1911, le muguet",Gallica public domain,Which lily of the vallley?,,085,paris-project-exhibition,paris-project-exhibition,"/img/derivatives/iiif/images/pci_86/full/250,/0/default.jpg","/img/derivatives/iiif/images/pci_86/full/1140,/0/default.jpg",/img/derivatives/iiif/pci_86/manifest.json
pci_87,Advertisement for Banania,contextual images,206,Ya bon!,Y'a Bon Banania,https://gallica.bnf.fr/ark:/12148/btv1b9006003d,1915 Banania y'a bon affiche,Gallica public domain,,,086,paris-project-exhibition,paris-project-exhibition,"/img/derivatives/iiif/images/pci_87/full/250,/0/default.jpg","/img/derivatives/iiif/images/pci_87/full/1140,/0/default.jpg",/img/derivatives/iiif/pci_87/manifest.json
pci_88,HOLD FOR LABEL,contextual images,HOLD FOR LABEL,HOLD FOR LABEL,HOLD,HOLD,HOLD,HOLD,,,087,paris-project-exhibition,paris-project-exhibition,"/img/derivatives/iiif/images/pci_88/full/250,/0/default.jpg","/img/derivatives/iiif/images/pci_88/full/1140,/0/default.jpg",/img/derivatives/iiif/pci_88/manifest.json
pci_89,Portrait of Queen Henrietta Maria,contextual images,166,dead queens,Queen Henrietta Maria,https://commons.wikimedia.org/wiki/File:Anthonis_van_Dyck_013.jpg,Anthony van Dyck  (1599–1641) Queen Henrietta Maria with Sir Jeffrey Hudson 1633 National Gallery of Art,Wikimedia commons,Which Henrietta Maria portrait?,,088,paris-project-exhibition,paris-project-exhibition,"/img/derivatives/iiif/images/pci_89/full/250,/0/default.jpg","/img/derivatives/iiif/images/pci_89/full/1140,/0/default.jpg",/img/derivatives/iiif/pci_89/manifest.json
pci_90,Newspaper article about murderer Henri Landru,contextual images,163,Landru,Henri Landru,https://gallica.bnf.fr/ark:/12148/bpt6k572879j,Newspaper headline a few weeks after Landru's 1919 arrest,Gallica public domain,"Which Landru image? 
(1919)",,089,paris-project-exhibition,paris-project-exhibition,"/img/derivatives/iiif/images/pci_90/full/250,/0/default.jpg","/img/derivatives/iiif/images/pci_90/full/1140,/0/default.jpg",/img/derivatives/iiif/pci_90/manifest.json
pci_91,Empty gallery at the Louvre,contextual images,116-22,Louvre,Louvre 1914-1918,https://gallica.bnf.fr/ark:/12148/btv1b9030968t,Le Musée du Louvre pendant la guerre : la salle Rubens 24 mai 1918,Gallica public domain,Which empty Louvre?,,090,paris-project-exhibition,paris-project-exhibition,"/img/derivatives/iiif/images/pci_91/full/250,/0/default.jpg","/img/derivatives/iiif/images/pci_91/full/1140,/0/default.jpg",/img/derivatives/iiif/pci_91/manifest.json
pci_92,Advertisement for mourning clothes,contextual images,211-13,Crape veils,Crape [sic] veils,https://gallica.bnf.fr/ark:/12148/bpt6k32158709,Mourning clothes including veil on the cover of Le Petit écho de la mode 27 octobre 1918,,Which veils?,,091,paris-project-exhibition,paris-project-exhibition,"/img/derivatives/iiif/images/pci_92/full/250,/0/default.jpg","/img/derivatives/iiif/images/pci_92/full/1140,/0/default.jpg",/img/derivatives/iiif/pci_92/manifest.json
pci_93,Illustration of ursa major,contextual images,455-59,tagged to asterisks,Ursa Major,https://commons.wikimedia.org/wiki/File:Ursa_Major2.jpg,Ursa Major illustration,wikimedia commons public domain,,,092,paris-project-exhibition,paris-project-exhibition,"/img/derivatives/iiif/images/pci_93/full/250,/0/default.jpg","/img/derivatives/iiif/images/pci_93/full/1140,/0/default.jpg",/img/derivatives/iiif/pci_93/manifest.json
pci_94,Painting of Marjorie Strachey,contextual images,448-49,le Crime et le Châtiment,Le Crime et le châtiment,https://mathomhouse.typepad.com/bluestocking/2011/04/despair.html,Duncan Grant painting of Marjorie Strachey after reading Crime and Punishment. Originally titled Despair. 1909,No idea,,,093,paris-project-exhibition,paris-project-exhibition,"/img/derivatives/iiif/images/pci_94/full/250,/0/default.jpg","/img/derivatives/iiif/images/pci_94/full/1140,/0/default.jpg",/img/derivatives/iiif/pci_94/manifest.json
pci_95,Charcuterie Comestibles,contextual images,144-45,"CHARCUTERIE
COMESTIBLES DE IRE CHOIX",Charcuterie Comestibles,https://bibliotheques-specialisees.paris.fr/ark:/73873/pf0001887926,"1913 Boutiques parisiennes. Boucherie, charcuterie. Charcuterie, comestibles, Maison H. Dubois, 7, rue des Charbonniers. Hôtel Helvétia, 9, rue des Charbonniers (12e arr.)","Droits
domaine public
Source
Ville de Paris / BHVP",Which Charcuterie-Comestibles?,,094,paris-project-exhibition,paris-project-exhibition,"/img/derivatives/iiif/images/pci_95/full/250,/0/default.jpg","/img/derivatives/iiif/images/pci_95/full/1140,/0/default.jpg",/img/derivatives/iiif/pci_95/manifest.json
pci_96,M. et Mme. Poincaré,contextual images,445-46,The President of the Republic lies in bed beside hiswife,M. et Mme. Poincaré,https://gallica.bnf.fr/ark:/12148/btv1b53084213k,"Juin 1922, M. et Mme Poincaré à Londres",Gallica public domain,,,095,paris-project-exhibition,paris-project-exhibition,"/img/derivatives/iiif/images/pci_96/full/250,/0/default.jpg","/img/derivatives/iiif/images/pci_96/full/1140,/0/default.jpg",/img/derivatives/iiif/pci_96/manifest.json
pci_97,Advertisement for absinthe,contextual images,440,"Absynthe
",Absinthe,https://gallica.bnf.fr/ark:/12148/btv1b9014990b,1900 Absinthe extra-supérieure J. Edouard Pernot : [affiche] / [Leonetto Cappiello],Gallica public domain,Which Absinthe?,,096,paris-project-exhibition,paris-project-exhibition,"/img/derivatives/iiif/images/pci_97/full/250,/0/default.jpg","/img/derivatives/iiif/images/pci_97/full/1140,/0/default.jpg",/img/derivatives/iiif/pci_97/manifest.json
pci_98,Paul Verlaine,contextual images,432,Verlaine,Paul Verlaine,https://www.parismuseescollections.paris.fr/fr/musee-carnavalet/oeuvres/portrait-du-poete-paul-marie-verlaine-1844-1896-au-cafe-francois-1er-69#infos-principales,"Portrait du poète Paul Marie Verlaine (1844-1896) au ""Café François 1er"", 69 boulevard Saint-Michel, 5ème arrondissement, Paris.",Musée carnavalet creative commons zero,,,097,paris-project-exhibition,paris-project-exhibition,"/img/derivatives/iiif/images/pci_98/full/250,/0/default.jpg","/img/derivatives/iiif/images/pci_98/full/1140,/0/default.jpg",/img/derivatives/iiif/pci_98/manifest.json
pci_99,Line of taxis,contextual images,416-18,"Taxis,
Taxis,
Taxis,","Taxis, Taxis, Taxis,",https://gallica.bnf.fr/ark:/12148/btv1b53036855j,mars 1920 Taxis attendant les clients,SL,Which taxis?,,098,paris-project-exhibition,paris-project-exhibition,"/img/derivatives/iiif/images/pci_99/full/250,/0/default.jpg","/img/derivatives/iiif/images/pci_99/full/1140,/0/default.jpg",/img/derivatives/iiif/pci_99/manifest.json
pci_100,Fiacre,contextual images,400-404,Fiacres,Fiacre,https://www.parismuseescollections.paris.fr/fr/musee-carnavalet/oeuvres/le-fiacre-avant-les-pneus#infos-principales,1910 Eugène Atget Le fiacre avant les pneus,Musée carnavalet creative commons zero,Which fiacre?,,099,paris-project-exhibition,paris-project-exhibition,"/img/derivatives/iiif/images/pci_100/full/250,/0/default.jpg","/img/derivatives/iiif/images/pci_100/full/1140,/0/default.jpg",/img/derivatives/iiif/pci_100/manifest.json
pci_101,Night club dancer,contextual images,428-29,the gurls of the night-club,night club girls,https://commons.wikimedia.org/wiki/File:Mistinguett_Moulin_Rouge.jpg?uselang=fr,"Mistinguett (1875-1956), French singer of variety. Paris, Moulin-Rouge.",wikimedia commons public domain but slightly sketchy source from etsy,Which night club girls?,,100,paris-project-exhibition,paris-project-exhibition,"/img/derivatives/iiif/images/pci_101/full/250,/0/default.jpg","/img/derivatives/iiif/images/pci_101/full/1140,/0/default.jpg",/img/derivatives/iiif/pci_101/manifest.json
pci_102,Pont Solférino,contextual images,,Pont Solférino,Pont Solférino,https://gallica.bnf.fr/ark:/12148/btv1b9029581t,1929 Ponts de Paris Pont Solférino,Gallica public domain,,,101,paris-project-exhibition,paris-project-exhibition,"/img/derivatives/iiif/images/pci_102/full/250,/0/default.jpg","/img/derivatives/iiif/images/pci_102/full/1140,/0/default.jpg",/img/derivatives/iiif/pci_102/manifest.json
pci_103,Petit-Palais,contextual images,394,Petit-Palais,Petit-Palais,https://www.pop.culture.gouv.fr/notice/memoire/APPA000010,,,Which Petit Palais?,,102,paris-project-exhibition,paris-project-exhibition,"/img/derivatives/iiif/images/pci_103/full/250,/0/default.jpg","/img/derivatives/iiif/images/pci_103/full/1140,/0/default.jpg",/img/derivatives/iiif/pci_103/manifest.json
pci_104,La Presse,contextual images,"392-93, 96",La Presse,La Presse,https://gallica.bnf.fr/ark:/12148/bpt6k599651m,Front page 08 mai 1919 -- I chose a day at random,,,,103,paris-project-exhibition,paris-project-exhibition,"/img/derivatives/iiif/images/pci_104/full/250,/0/default.jpg","/img/derivatives/iiif/images/pci_104/full/1140,/0/default.jpg",/img/derivatives/iiif/pci_104/manifest.json
pci_105,La Liberté,contextual images,"392-93, 96",La Liberté,La Liberté,https://gallica.bnf.fr/ark:/12148/bpt6k4792131g,Front page 08 mai 1919 -- I chose a day at random,,,,104,paris-project-exhibition,paris-project-exhibition,"/img/derivatives/iiif/images/pci_105/full/250,/0/default.jpg","/img/derivatives/iiif/images/pci_105/full/1140,/0/default.jpg",/img/derivatives/iiif/pci_105/manifest.json
pci_106,Mme de Lafayette,contextual images,370-73,Madame de Lafayette,Mme de Lafayette,https://commons.wikimedia.org/wiki/File:Madame_de_La_Fayette.jpg,"Marie-Madeleine Pioche de La Vergne, comtesse de La Fayette (baptized 18 March 1634 – 25 May 1693) in Book ""Iconography French or choice of two hundred portraits of men and women, who were acquired in France. Since the reign of Charles VII until the end of Louis XVI"". Paris. 1840",wikimedia commons public domain,Which Mme de Lafayette?,,105,paris-project-exhibition,paris-project-exhibition,"/img/derivatives/iiif/images/pci_106/full/250,/0/default.jpg","/img/derivatives/iiif/images/pci_106/full/1140,/0/default.jpg",/img/derivatives/iiif/pci_106/manifest.json
pci_107,Salon d'Automne,contextual images,370-73,salon d’automne,Salon d'Automne,https://gallica.bnf.fr/ark:/12148/btv1b9012045s,"1908 Salon d'Automne : du 1er octobre au 8 novembre 1908, 6ème exposition annuelle. Grand Palais des Champs-Elysées. Dethomas, Maxime (1867-1929). Illustrateur",Gallica public domain,,,106,paris-project-exhibition,paris-project-exhibition,"/img/derivatives/iiif/images/pci_107/full/250,/0/default.jpg","/img/derivatives/iiif/images/pci_107/full/1140,/0/default.jpg",/img/derivatives/iiif/pci_107/manifest.json
pci_108,"François VI, duc de La Rochefoucauld",contextual images,370-73,duc de la Rochefoucauld,"François VI, duc de La Rochefoucauld (1613-1680)","https://www.pop.culture.gouv.fr/notice/joconde/000PE007029
https://www.photo.rmn.fr/archive/85-001723-2C6NU0NZGGSS.html",Same image as above?,© D. Arnaudet ; G. Blot ; Réunion des musées nationaux - utilisation soumise à autorisation,,,107,paris-project-exhibition,paris-project-exhibition,"/img/derivatives/iiif/images/pci_108/full/250,/0/default.jpg","/img/derivatives/iiif/images/pci_108/full/1140,/0/default.jpg",/img/derivatives/iiif/pci_108/manifest.json
pci_109,Adèle Hugo née Foucher,contextual images,369,Madame Victor-Hugo,Adèle Hugo née Foucher,https://commons.wikimedia.org/wiki/File:Adele_Hugo_by_Louis_Boulanger.jpg,portrait by Louis Boulanger 1839,wikimedia commons public domain,Which Mme Hugo?,,108,paris-project-exhibition,paris-project-exhibition,"/img/derivatives/iiif/images/pci_109/full/250,/0/default.jpg","/img/derivatives/iiif/images/pci_109/full/1140,/0/default.jpg",/img/derivatives/iiif/pci_109/manifest.json
pci_110,Charles Saint-Beuve,contextual images,369,Sainte-Beuve,Charles Saint-Beuve,https://commons.wikimedia.org/wiki/File:Sainte-Beuve.jpg,c.1860s Bertail,wikimedia commons public domain,Which Saint-Beuve?,,109,paris-project-exhibition,paris-project-exhibition,"/img/derivatives/iiif/images/pci_110/full/250,/0/default.jpg","/img/derivatives/iiif/images/pci_110/full/1140,/0/default.jpg",/img/derivatives/iiif/pci_110/manifest.json
pci_111,Les Champs Élysées,contextual images,367-68,Champs Elysées,Les Champs Élysées,"https://commons.wikimedia.org/wiki/Category:Champs-%C3%89lys%C3%A9es_from_the_Arc_de_Triomphe#/media/File:George_Rose,_The_Champs_Elys%C3%A9es_II,_ca._1912.jpg",,wikimedia commons public domain,,,110,paris-project-exhibition,paris-project-exhibition,"/img/derivatives/iiif/images/pci_111/full/250,/0/default.jpg","/img/derivatives/iiif/images/pci_111/full/1140,/0/default.jpg",/img/derivatives/iiif/pci_111/manifest.json
pci_112,Plaque Chateaubriand,contextual images,367-70,"CHATEAUBRIAND 
",Plaque Chateaubriand,https://commons.wikimedia.org/wiki/File:Plaque_Chateaubriand_120_rue_du_Bac.jpg,,This file is licensed under the Creative Commons Attribution-Share Alike 4.0 International license.	,,,111,paris-project-exhibition,paris-project-exhibition,"/img/derivatives/iiif/images/pci_112/full/250,/0/default.jpg","/img/derivatives/iiif/images/pci_112/full/1140,/0/default.jpg",/img/derivatives/iiif/pci_112/manifest.json
pci_113,Plaque Voltaire,contextual images,359-66,VOLTAIRE,Plaque Voltaire,"https://commons.wikimedia.org/wiki/File:Plaque_Voltaire,_27_quai_Voltaire,_Paris_7_(2).jpg",,This file is licensed under the Creative Commons Attribution-Share Alike 3.0 Unported license.,,,112,paris-project-exhibition,paris-project-exhibition,"/img/derivatives/iiif/images/pci_113/full/250,/0/default.jpg","/img/derivatives/iiif/images/pci_113/full/1140,/0/default.jpg",/img/derivatives/iiif/pci_113/manifest.json
pci_114,Plaque Molière,contextual images,359-66,MOLIERE,Plaque Molière,https://commons.wikimedia.org/wiki/File:Plaque_mort_Moli%C3%A8re.jpg?uselang=fr,not a great photo    I think it's good -SL,"Moi, propriétaire du copyright de cette œuvre, la place dans le domaine public. Ceci s'applique dans le monde entier.",,,113,paris-project-exhibition,paris-project-exhibition,"/img/derivatives/iiif/images/pci_114/full/250,/0/default.jpg","/img/derivatives/iiif/images/pci_114/full/1140,/0/default.jpg",/img/derivatives/iiif/pci_114/manifest.json
pci_115,Impasse des deux-anges,contextual images,346-47,l’impasse des Deux Anges,Impasse des deux-anges,https://library-artstor-org.libproxy.wustl.edu/#/asset/SS35530_35530_30927739,"Nusch & Paul Eluard, Impasse des Deux-Anges, 1934, Man Ray","Rights
Educational Use
For educational use only.
This image has been selected and made available by a user using Artstor's software tools. Artstor has not screened or selected this image or cleared any rights to it and is acting as an online service provider pursuant to 17 U.S.C. §512. Artstor disclaims any liability associated with the use of this image. Should you have any legal objection to the use of this image, please visit http://www.artstor.org/copyright for contact information and instructions on how to proceed.",,,114,paris-project-exhibition,paris-project-exhibition,"/img/derivatives/iiif/images/pci_115/full/250,/0/default.jpg","/img/derivatives/iiif/images/pci_115/full/1140,/0/default.jpg",/img/derivatives/iiif/pci_115/manifest.json
pci_116,Eglise Saint-Thomas-d'Aquin,contextual images,346-47,Saint Thomas d’Aquin,Eglise Saint-Thomas-d'Aquin,https://www.pop.culture.gouv.fr/notice/memoire/APPA000027,c. 1920-1935,"Ministère de la Culture (France), Médiathèque de l'architecture et du patrimoine, diffusion RMN-GP",,,115,paris-project-exhibition,paris-project-exhibition,"/img/derivatives/iiif/images/pci_116/full/250,/0/default.jpg","/img/derivatives/iiif/images/pci_116/full/1140,/0/default.jpg",/img/derivatives/iiif/pci_116/manifest.json
pci_117,Place des Vosges,contextual images,339-40,Place des Vosges,Place des Vosges,https://www.parismuseescollections.paris.fr/fr/musee-carnavalet/oeuvres/6-et-4-place-des-vosges-maison-de-victor-hugo-4eme-arrondissement-paris-18#infos-principales,"1916 Lansiaux, Charles Joseph Antoine 6 et 4 place des Vosges, maison de Victor Hugo, 4ème arrondissement, Paris. 18 décembre 1916.",Musée Carnavalet creative commons zero,Which Place des Vosges?,,116,paris-project-exhibition,paris-project-exhibition,"/img/derivatives/iiif/images/pci_117/full/250,/0/default.jpg","/img/derivatives/iiif/images/pci_117/full/1140,/0/default.jpg",/img/derivatives/iiif/pci_117/manifest.json
pci_118,Hôtel de l'Élysée 3 rue de Beaune,contextual images,319-21,old Hôtel,Hôtel de l'Élysée 3 rue de Beaune,https://www.pop.culture.gouv.fr/notice/memoire/APMH00037849,"1909 Eugène Atget Hôtel (ancien) , dit hôtel d'Auterive ou de Saint-Simon Île-de-France ; Paris (75) ; Paris 7e Arrondissement ; 3 rue de Beaune Référence APMH00037849","Ministère de la Culture (France), Médiathèque de l'architecture et du patrimoine, diffusion RMN-GP",Which Hôtel de l'Élysée?,,117,paris-project-exhibition,paris-project-exhibition,"/img/derivatives/iiif/images/pci_118/full/250,/0/default.jpg","/img/derivatives/iiif/images/pci_118/full/1140,/0/default.jpg",/img/derivatives/iiif/pci_118/manifest.json
pci_119,Hôtel de Ville,contextual images,313-15,Hôtel de Ville,Hôtel de Ville,https://gallica.bnf.fr/ark:/12148/btv1b6927305p,1913 Hôtel de ville,Gallica public domain,Which Hôtel de Ville?,,118,paris-project-exhibition,paris-project-exhibition,"/img/derivatives/iiif/images/pci_119/full/250,/0/default.jpg","/img/derivatives/iiif/images/pci_119/full/1140,/0/default.jpg",/img/derivatives/iiif/pci_119/manifest.json
pci_120,Palais Royal (Jardin),contextual images,313-15,Palais-Royale,Palais Royal (Jardin),https://gallica.bnf.fr/ark:/12148/btv1b9021295b,20 octobre 1912 Vues de Paris : les jardins du Palais Royal,Gallica public domain,Which Palais Royal garden?,,119,paris-project-exhibition,paris-project-exhibition,"/img/derivatives/iiif/images/pci_120/full/250,/0/default.jpg","/img/derivatives/iiif/images/pci_120/full/1140,/0/default.jpg",/img/derivatives/iiif/pci_120/manifest.json
pci_121,Hôtel Ritz,contextual images,313-15,Ritz,Hôtel Ritz,https://www.pop.culture.gouv.fr/notice/memoire/AP1FS01898,Ritz front entrance 1926 Hôtel Ritz Façade sur la place. Automobile stationnant devant l'entrée,"Ministère de la Culture (France), Médiathèque de l'architecture et du patrimoine, diffusion RMN-GP",,,120,paris-project-exhibition,paris-project-exhibition,"/img/derivatives/iiif/images/pci_121/full/250,/0/default.jpg","/img/derivatives/iiif/images/pci_121/full/1140,/0/default.jpg",/img/derivatives/iiif/pci_121/manifest.json
pci_122,Palais du Louvre Colonnade vue en perspective,contextual images,313-15,Louvre,Louvre,https://www.pop.culture.gouv.fr/notice/memoire/APPA000075,"c. 1920-1935 Branger, Maurice-Louis (1874-1950) 
Palais du Louvre Colonnade vue en perspective","Ministère de la Culture (France), Médiathèque de l'architecture et du patrimoine, diffusion RMN-GP",Which Louvre exterior?,,121,paris-project-exhibition,paris-project-exhibition,"/img/derivatives/iiif/images/pci_122/full/250,/0/default.jpg","/img/derivatives/iiif/images/pci_122/full/1140,/0/default.jpg",/img/derivatives/iiif/pci_122/manifest.json
pci_123,First communion dresses,contextual images,295-97,Waxen Pandoras,First communion dresses,https://www.parismuseescollections.paris.fr/fr/musee-carnavalet/oeuvres/vitrine-avec-des-mannequins-portant-des-vetements-de-communion-magasin-le,"Vitrine avec des mannequins portant des vêtements de communion, magasin Le Printemps, boulevard Haussmann, 9ème arrondissement, Paris ?",Musée Carnavalet Creative commons zero,,,122,paris-project-exhibition,paris-project-exhibition,"/img/derivatives/iiif/images/pci_123/full/250,/0/default.jpg","/img/derivatives/iiif/images/pci_123/full/1140,/0/default.jpg",/img/derivatives/iiif/pci_123/manifest.json
pci_124,Galeries Lafayette exterior,contextual images,294-95,Galeries Lafayette,Galeries Lafayette exterior,https://gallica.bnf.fr/ark:/12148/btv1b530177263,"juin-juillet 1919 Les Galeries Lafayette portant l'inscription honneur à nos poilus, fêtes de la victoire",Gallica public domain,Which Galeries Lafayette?,,123,paris-project-exhibition,paris-project-exhibition,"/img/derivatives/iiif/images/pci_124/full/250,/0/default.jpg","/img/derivatives/iiif/images/pci_124/full/1140,/0/default.jpg",/img/derivatives/iiif/pci_124/manifest.json
pci_125,Pont Neuf,contextual images,369,Pont-Neuf,Pont Neuf,https://bibliotheques-specialisees.paris.fr/ark:/73873/pf0002145629,c. 1910-1925 Paris. Pont Neuf. Vue prise depuis le quai de l'horloge dans la direction du quai du Louvre,"Droits
Reproduction réservée à un usage strictement privé. Mention de la source obligatoire.
Source
Ville de Paris / BHVP",Which Pont Neuf?,,124,paris-project-exhibition,paris-project-exhibition,"/img/derivatives/iiif/images/pci_125/full/250,/0/default.jpg","/img/derivatives/iiif/images/pci_125/full/1140,/0/default.jpg",/img/derivatives/iiif/pci_125/manifest.json
pci_126,Église Notre-Dame-des-Champs,contextual images,377,Notre-Dame-des-Champs,Église Notre-Dame-des-Champs,https://bibliotheques-specialisees.paris.fr/ark:/73873/pf0001880016,"c.1932-38 Eglise Notre-Dame-des-Champs, la façade] : [photographie] / Jean Roubier","Droits
Reproduction réservée à un usage strictement privé. Mention de la source obligatoire.
Source
Ville de Paris / BHVP",,,125,paris-project-exhibition,paris-project-exhibition,"/img/derivatives/iiif/images/pci_126/full/250,/0/default.jpg","/img/derivatives/iiif/images/pci_126/full/1140,/0/default.jpg",/img/derivatives/iiif/pci_126/manifest.json
pci_127,Nuns in cornettes,contextual images,379-82,winged linen head-dress of the nuns,cornette,https://bibliotheques-specialisees.paris.fr/ark:/73873/pf0001840283,"août 1914  Les Soeurs de Saint-Vincent de Paul partent pour le front pour soigner les blessés, gare de l'Est *not sure what the copyright means for us but this is such a good pic I thought I would put it in anyway","Droits
Reproduction réservée à un usage strictement privé. Mention de la source obligatoire.
Source
© Préfecture de Police, Service de l'Identité judiciaire / BHVP /",,,126,paris-project-exhibition,paris-project-exhibition,"/img/derivatives/iiif/images/pci_127/full/250,/0/default.jpg","/img/derivatives/iiif/images/pci_127/full/1140,/0/default.jpg",/img/derivatives/iiif/pci_127/manifest.json
pci_128,"Bois de Boulogne
(aerial)",contextual images,60-61,The Bois bores me,"Bois de Boulogne
(aerial)","https://commons.wikimedia.org/wiki/File:Vue_du_Bois_de_Boulogne,_ca._1853%E2%80%9370.jpg",Vue du Bois de Boulogne c.1853-70,Wikimedia public domain,,"The Bois de Boulogne is a large public park on the Western edge of Paris's city limits. Formerly royal property, Napoleon III and Baron Haussman transformed the land into a center for leisure as part of a massive urban renewal program in the 1850s. This aerial photo depicts the Bois de Boulogne with the Seine in the background, c.1853 –70.",127,paris-project-exhibition,paris-project-exhibition,"/img/derivatives/iiif/images/pci_128/full/250,/0/default.jpg","/img/derivatives/iiif/images/pci_128/full/1140,/0/default.jpg",/img/derivatives/iiif/pci_128/manifest.json
pci_129,Lait supérieur,contextual images,139-41,LAIT SUPERIEUR,Lait supérieur,https://bibliotheques-specialisees.paris.fr/ark:/73873/pf0000838963,"c. 1897 Lait pur de la Vingeanne stérilisé. Quillot Frères, Montigny-sur-Vingeanne, Côte d'Or : [affiche] / Steinlen  *not Rambouillet","Droits
domaine public
Source
Ville de Paris / Bibl. Forney",Which Lait poster?,,128,paris-project-exhibition,paris-project-exhibition,"/img/derivatives/iiif/images/pci_129/full/250,/0/default.jpg","/img/derivatives/iiif/images/pci_129/full/1140,/0/default.jpg",/img/derivatives/iiif/pci_129/manifest.json
pci_130,Apéritifs,contextual images,,APERITIFS,Apéritifs,https://bibliotheques-specialisees.paris.fr/ark:/73873/pf0001912122,"c.1920-25 Boutiques parisiennes. Vins et liqueurs, restaurant, café. Maison M. David","Droits
domaine public
Source
Ville de Paris / BHVP",Which Apéritifs sign?,,129,paris-project-exhibition,paris-project-exhibition,"/img/derivatives/iiif/images/pci_130/full/250,/0/default.jpg","/img/derivatives/iiif/images/pci_130/full/1140,/0/default.jpg",/img/derivatives/iiif/pci_130/manifest.json
pci_131,Emile Cottin Clemenceau assassination attempt,contextual images,165,Cottin,Emile Cottin Clemenceau assassination attempt,https://gallica.bnf.fr/ark:/12148/bpt6k566812p/,Le Petit Parisien front page February 20 (day after assassination attempt),Gallica public domain,Which Cottin headline?,,130,paris-project-exhibition,paris-project-exhibition,"/img/derivatives/iiif/images/pci_131/full/250,/0/default.jpg","/img/derivatives/iiif/images/pci_131/full/1140,/0/default.jpg",/img/derivatives/iiif/pci_131/manifest.json
pci_132,Photo of Hope Mirrlees,contextual images,NA,NA,NA,NA,NA,NA,NA,Hope Mirrlees,131,paris-project-exhibition,paris-project-exhibition,"/img/derivatives/iiif/images/pci_132/full/250,/0/default.jpg","/img/derivatives/iiif/images/pci_132/full/1140,/0/default.jpg",/img/derivatives/iiif/pci_132/manifest.json
pci_133,Photo of Mirrlees and Jane Ellen Harrison,contextual images,NA,NA,NA,NA,NA,NA,NA,Hope Mirrlees and Jane Ellen Harrison,132,paris-project-exhibition,paris-project-exhibition,"/img/derivatives/iiif/images/pci_133/full/250,/0/default.jpg","/img/derivatives/iiif/images/pci_133/full/1140,/0/default.jpg",/img/derivatives/iiif/pci_133/manifest.json
pci_134,Photo of Mirrlees and Phillip Edward Morell,contextual images,NA,NA,NA,NA,NA,NA,NA,Hope Mirrlees and Phillip Edward Morell,133,paris-project-exhibition,paris-project-exhibition,"/img/derivatives/iiif/images/pci_134/full/250,/0/default.jpg","/img/derivatives/iiif/images/pci_134/full/1140,/0/default.jpg",/img/derivatives/iiif/pci_134/manifest.json
pci_135,Paris scan 1,page scans,NA,NA,NA,NA,NA,NA,NA,Paris scan 1,134,paris-project-exhibition,paris-project-exhibition,"/img/derivatives/iiif/images/pci_135/full/250,/0/default.jpg","/img/derivatives/iiif/images/pci_135/full/1140,/0/default.jpg",/img/derivatives/iiif/pci_135/manifest.json
pci_136,Paris scan 2,page scans,NA,NA,NA,NA,NA,NA,NA,Paris scan 2,135,paris-project-exhibition,paris-project-exhibition,"/img/derivatives/iiif/images/pci_136/full/250,/0/default.jpg","/img/derivatives/iiif/images/pci_136/full/1140,/0/default.jpg",/img/derivatives/iiif/pci_136/manifest.json
pci_137,Paris scan 3,page scans,NA,NA,NA,NA,NA,NA,NA,Paris scan 3,136,paris-project-exhibition,paris-project-exhibition,"/img/derivatives/iiif/images/pci_137/full/250,/0/default.jpg","/img/derivatives/iiif/images/pci_137/full/1140,/0/default.jpg",/img/derivatives/iiif/pci_137/manifest.json
pci_138,Paris scan 4,page scans,NA,NA,NA,NA,NA,NA,NA,Paris scan 4,137,paris-project-exhibition,paris-project-exhibition,"/img/derivatives/iiif/images/pci_138/full/250,/0/default.jpg","/img/derivatives/iiif/images/pci_138/full/1140,/0/default.jpg",/img/derivatives/iiif/pci_138/manifest.json
pci_139,Paris scan 5,page scans,NA,NA,NA,NA,NA,NA,NA,Paris scan 5,138,paris-project-exhibition,paris-project-exhibition,"/img/derivatives/iiif/images/pci_139/full/250,/0/default.jpg","/img/derivatives/iiif/images/pci_139/full/1140,/0/default.jpg",/img/derivatives/iiif/pci_139/manifest.json
pci_140,Paris scan 6,page scans,NA,NA,NA,NA,NA,NA,NA,Paris scan 6,139,paris-project-exhibition,paris-project-exhibition,"/img/derivatives/iiif/images/pci_140/full/250,/0/default.jpg","/img/derivatives/iiif/images/pci_140/full/1140,/0/default.jpg",/img/derivatives/iiif/pci_140/manifest.json
pci_141,Paris scan 7,page scans,NA,NA,NA,NA,NA,NA,NA,Paris scan 7,140,paris-project-exhibition,paris-project-exhibition,"/img/derivatives/iiif/images/pci_141/full/250,/0/default.jpg","/img/derivatives/iiif/images/pci_141/full/1140,/0/default.jpg",/img/derivatives/iiif/pci_141/manifest.json
pci_142,Paris scan 8,page scans,NA,NA,NA,NA,NA,NA,NA,Paris scan 8,141,paris-project-exhibition,paris-project-exhibition,"/img/derivatives/iiif/images/pci_142/full/250,/0/default.jpg","/img/derivatives/iiif/images/pci_142/full/1140,/0/default.jpg",/img/derivatives/iiif/pci_142/manifest.json
pci_143,Paris scan 9,page scans,NA,NA,NA,NA,NA,NA,NA,Paris scan 9,142,paris-project-exhibition,paris-project-exhibition,"/img/derivatives/iiif/images/pci_143/full/250,/0/default.jpg","/img/derivatives/iiif/images/pci_143/full/1140,/0/default.jpg",/img/derivatives/iiif/pci_143/manifest.json
pci_144,Paris scan 10,page scans,NA,NA,NA,NA,NA,NA,NA,Paris scan 10,143,paris-project-exhibition,paris-project-exhibition,"/img/derivatives/iiif/images/pci_144/full/250,/0/default.jpg","/img/derivatives/iiif/images/pci_144/full/1140,/0/default.jpg",/img/derivatives/iiif/pci_144/manifest.json
pci_145,Paris scan 11,page scans,NA,NA,NA,NA,NA,NA,NA,Paris scan 11,144,paris-project-exhibition,paris-project-exhibition,"/img/derivatives/iiif/images/pci_145/full/250,/0/default.jpg","/img/derivatives/iiif/images/pci_145/full/1140,/0/default.jpg",/img/derivatives/iiif/pci_145/manifest.json
pci_146,Paris scan 12,page scans,NA,NA,NA,NA,NA,NA,NA,Paris scan 12,145,paris-project-exhibition,paris-project-exhibition,"/img/derivatives/iiif/images/pci_146/full/250,/0/default.jpg","/img/derivatives/iiif/images/pci_146/full/1140,/0/default.jpg",/img/derivatives/iiif/pci_146/manifest.json
pci_147,Paris scan 13,page scans,NA,NA,NA,NA,NA,NA,NA,Paris scan 13,146,paris-project-exhibition,paris-project-exhibition,"/img/derivatives/iiif/images/pci_147/full/250,/0/default.jpg","/img/derivatives/iiif/images/pci_147/full/1140,/0/default.jpg",/img/derivatives/iiif/pci_147/manifest.json
pci_148,Paris scan 14,page scans,NA,NA,NA,NA,NA,NA,NA,Paris scan 14,147,paris-project-exhibition,paris-project-exhibition,"/img/derivatives/iiif/images/pci_148/full/250,/0/default.jpg","/img/derivatives/iiif/images/pci_148/full/1140,/0/default.jpg",/img/derivatives/iiif/pci_148/manifest.json
pci_149,Paris scan 15,page scans,NA,NA,NA,NA,NA,NA,NA,Paris scan 15,148,paris-project-exhibition,paris-project-exhibition,"/img/derivatives/iiif/images/pci_149/full/250,/0/default.jpg","/img/derivatives/iiif/images/pci_149/full/1140,/0/default.jpg",/img/derivatives/iiif/pci_149/manifest.json
pci_150,Paris scan 16,page scans,NA,NA,NA,NA,NA,NA,NA,Paris scan 16,149,paris-project-exhibition,paris-project-exhibition,"/img/derivatives/iiif/images/pci_150/full/250,/0/default.jpg","/img/derivatives/iiif/images/pci_150/full/1140,/0/default.jpg",/img/derivatives/iiif/pci_150/manifest.json
pci_151,Paris scan 17,page scans,NA,NA,NA,NA,NA,NA,NA,Paris scan 17,150,paris-project-exhibition,paris-project-exhibition,"/img/derivatives/iiif/images/pci_151/full/250,/0/default.jpg","/img/derivatives/iiif/images/pci_151/full/1140,/0/default.jpg",/img/derivatives/iiif/pci_151/manifest.json
pci_152,Paris scan 18,page scans,NA,NA,NA,NA,NA,NA,NA,Paris scan 18,151,paris-project-exhibition,paris-project-exhibition,"/img/derivatives/iiif/images/pci_152/full/250,/0/default.jpg","/img/derivatives/iiif/images/pci_152/full/1140,/0/default.jpg",/img/derivatives/iiif/pci_152/manifest.json
pci_153,Paris scan 19,page scans,NA,NA,NA,NA,NA,NA,NA,Paris scan 19,152,paris-project-exhibition,paris-project-exhibition,"/img/derivatives/iiif/images/pci_153/full/250,/0/default.jpg","/img/derivatives/iiif/images/pci_153/full/1140,/0/default.jpg",/img/derivatives/iiif/pci_153/manifest.json
pci_154,Paris scan 20,page scans,NA,NA,NA,NA,NA,NA,NA,Paris scan 20,153,paris-project-exhibition,paris-project-exhibition,"/img/derivatives/iiif/images/pci_154/full/250,/0/default.jpg","/img/derivatives/iiif/images/pci_154/full/1140,/0/default.jpg",/img/derivatives/iiif/pci_154/manifest.json
pci_155,Paris scan 21,page scans,NA,NA,NA,NA,NA,NA,NA,Paris scan 21,154,paris-project-exhibition,paris-project-exhibition,"/img/derivatives/iiif/images/pci_155/full/250,/0/default.jpg","/img/derivatives/iiif/images/pci_155/full/1140,/0/default.jpg",/img/derivatives/iiif/pci_155/manifest.json
pci_156,Paris scan 22,page scans,NA,NA,NA,NA,NA,NA,NA,Paris scan 22,155,paris-project-exhibition,paris-project-exhibition,"/img/derivatives/iiif/images/pci_156/full/250,/0/default.jpg","/img/derivatives/iiif/images/pci_156/full/1140,/0/default.jpg",/img/derivatives/iiif/pci_156/manifest.json
pci_157,Paris scan 23,page scans,NA,NA,NA,NA,NA,NA,NA,Paris scan 23,156,paris-project-exhibition,paris-project-exhibition,"/img/derivatives/iiif/images/pci_157/full/250,/0/default.jpg","/img/derivatives/iiif/images/pci_157/full/1140,/0/default.jpg",/img/derivatives/iiif/pci_157/manifest.json
pci_158,Paris scan 24,page scans,NA,NA,NA,NA,NA,NA,NA,Paris scan 24,157,paris-project-exhibition,paris-project-exhibition,"/img/derivatives/iiif/images/pci_158/full/250,/0/default.jpg","/img/derivatives/iiif/images/pci_158/full/1140,/0/default.jpg",/img/derivatives/iiif/pci_158/manifest.json
pci_159,Paris scan 25,page scans,NA,NA,NA,NA,NA,NA,NA,Paris scan 25,158,paris-project-exhibition,paris-project-exhibition,"/img/derivatives/iiif/images/pci_159/full/250,/0/default.jpg","/img/derivatives/iiif/images/pci_159/full/1140,/0/default.jpg",/img/derivatives/iiif/pci_159/manifest.json
pci_160,Paris scan 26,page scans,NA,NA,NA,NA,NA,NA,NA,Paris scan 26,159,paris-project-exhibition,paris-project-exhibition,"/img/derivatives/iiif/images/pci_160/full/250,/0/default.jpg","/img/derivatives/iiif/images/pci_160/full/1140,/0/default.jpg",/img/derivatives/iiif/pci_160/manifest.json
pci_161,Paris scan 27,page scans,NA,NA,NA,NA,NA,NA,NA,Paris scan 27,160,paris-project-exhibition,paris-project-exhibition,"/img/derivatives/iiif/images/pci_161/full/250,/0/default.jpg","/img/derivatives/iiif/images/pci_161/full/1140,/0/default.jpg",/img/derivatives/iiif/pci_161/manifest.json
pci_162,Paris scan 28,page scans,NA,NA,NA,NA,NA,NA,NA,Paris scan 28,161,paris-project-exhibition,paris-project-exhibition,"/img/derivatives/iiif/images/pci_162/full/250,/0/default.jpg","/img/derivatives/iiif/images/pci_162/full/1140,/0/default.jpg",/img/derivatives/iiif/pci_162/manifest.json
pci_163,Paris measurement overlay 1,measurements,NA,NA,NA,NA,NA,NA,NA,Paris measurement overlay 1,162,paris-project-exhibition,paris-project-exhibition,"/img/derivatives/iiif/images/pci_163_0/full/250,/0/default.jpg","/img/derivatives/iiif/images/pci_163_0/full/1140,/0/default.jpg",/img/derivatives/iiif/pci_163/manifest.json
pci_164,Paris measurement overlay 2,measurements,NA,NA,NA,NA,NA,NA,NA,Paris measurement overlay 2,163,paris-project-exhibition,paris-project-exhibition,"/img/derivatives/iiif/images/pci_164_0/full/250,/0/default.jpg","/img/derivatives/iiif/images/pci_164_0/full/1140,/0/default.jpg",/img/derivatives/iiif/pci_164/manifest.json
pci_165,Paris measurement overlay 3,measurements,NA,NA,NA,NA,NA,NA,NA,Paris measurement overlay 3,164,paris-project-exhibition,paris-project-exhibition,"/img/derivatives/iiif/images/pci_165_0/full/250,/0/default.jpg","/img/derivatives/iiif/images/pci_165_0/full/1140,/0/default.jpg",/img/derivatives/iiif/pci_165/manifest.json
pci_166,Paris ideal measurements 1,measurements,NA,NA,NA,NA,NA,NA,NA,Paris ideal measurements 1,165,paris-project-exhibition,paris-project-exhibition,"/img/derivatives/iiif/images/pci_166_0/full/250,/0/default.jpg","/img/derivatives/iiif/images/pci_166_0/full/1140,/0/default.jpg",/img/derivatives/iiif/pci_166/manifest.json
pci_167,Paris ideal measurements 2,measurements,NA,NA,NA,NA,NA,NA,NA,Paris ideal measurements 2,166,paris-project-exhibition,paris-project-exhibition,"/img/derivatives/iiif/images/pci_167_0/full/250,/0/default.jpg","/img/derivatives/iiif/images/pci_167_0/full/1140,/0/default.jpg",/img/derivatives/iiif/pci_167/manifest.json
pci_168,Paris ideal measurements 3,measurements,NA,NA,NA,NA,NA,NA,NA,Paris ideal measurements 3,167,paris-project-exhibition,paris-project-exhibition,"/img/derivatives/iiif/images/pci_168_0/full/250,/0/default.jpg","/img/derivatives/iiif/images/pci_168_0/full/1140,/0/default.jpg",/img/derivatives/iiif/pci_168/manifest.json
